2026-03-30 15:17:16,DOWN,1.35,PLACED,0.00%,directional|KXETH15M-26MAR301130-30
2026-03-30 15:33:25,DOWN,1.35,WIN,94.00%,directional|KXETH15M-26MAR301130-30
2026-03-30 15:34:26,UP,2.05,PLACED,0.00%,directional|KXETH15M-26MAR301145-45
2026-03-30 15:50:35,UP,2.05,WIN,94.00%,directional|KXETH15M-26MAR301145-45
2026-03-30 16:03:41,DOWN,2.30,PLACED,0.00%,directional|KXETH15M-26MAR301215-15
2026-03-30 16:19:50,DOWN,1.66,PLACED,0.00%,directional|KXETH15M-26MAR301230-30
2026-03-30 16:19:51,DOWN,2.30,WIN,94.00%,directional|KXETH15M-26MAR301215-15
2026-03-30 17:02:18,UP,2.20,PLACED,0.00%,directional|KXETH15M-26MAR301315-15
2026-03-30 17:18:28,DOWN,2.25,PLACED,0.00%,directional|KXETH15M-26MAR301330-30
2026-03-30 17:18:29,UP,2.20,LOSS,-100.00%,directional|KXETH15M-26MAR301315-15
2026-03-30 17:34:37,DOWN,2.25,WIN,94.00%,directional|KXETH15M-26MAR301330-30
2026-03-30 19:48:56,UP,1.55,PLACED,0.00%,directional|KXETH15M-26MAR301600-00
2026-03-30 20:05:10,UP,1.55,WIN,94.00%,directional|KXETH15M-26MAR301600-00
2026-03-30 21:04:39,DOWN,1.72,PLACED,0.00%,directional|KXETH15M-26MAR301715-15
2026-03-30 21:20:48,DOWN,1.72,LOSS,-100.00%,directional|KXETH15M-26MAR301715-15
2026-03-30 22:32:19,DOWN,1.48,PLACED,0.00%,directional|KXETH15M-26MAR301845-45
2026-03-30 22:48:28,DOWN,1.48,WIN,94.00%,directional|KXETH15M-26MAR301845-45
2026-03-30 22:49:30,DOWN,2.11,PLACED,0.00%,directional|KXETH15M-26MAR301900-00
2026-03-31 00:47:48,UP,2.06,PLACED,0.00%,directional|KXETH15M-26MAR302100-00
2026-03-31 02:19:13,UP,2.07,PLACED,0.00%,directional|KXETH15M-26MAR302230-30
2026-03-31 02:35:24,UP,2.07,WIN,94.00%,directional|KXETH15M-26MAR302230-30
2026-03-31 03:01:42,DOWN,1.97,PLACED,0.00%,directional|KXETH15M-26MAR302315-15
2026-03-31 03:17:55,DOWN,1.97,WIN,94.00%,directional|KXETH15M-26MAR302315-15
2026-03-31 03:19:57,DOWN,1.91,PLACED,0.00%,directional|KXETH15M-26MAR302330-30
2026-03-31 03:36:08,DOWN,1.91,WIN,94.00%,directional|KXETH15M-26MAR302330-30
2026-03-31 04:17:28,UP,1.66,PLACED,0.00%,directional|KXETH15M-26MAR310030-30
2026-03-31 04:33:41,UP,1.66,LOSS,-100.00%,directional|KXETH15M-26MAR310030-30
2026-03-31 05:47:14,UP,1.50,PLACED,0.00%,directional|KXETH15M-26MAR310200-00
2026-03-31 06:03:23,DOWN,2.04,PLACED,0.00%,directional|KXETH15M-26MAR310215-15
2026-03-31 06:03:24,UP,1.50,WIN,94.00%,directional|KXETH15M-26MAR310200-00
2026-03-31 06:19:33,DOWN,2.04,WIN,94.00%,directional|KXETH15M-26MAR310215-15
2026-03-31 07:17:59,DOWN,2.05,PLACED,0.00%,directional|KXETH15M-26MAR310330-30
2026-03-31 07:34:09,DOWN,2.05,WIN,94.00%,directional|KXETH15M-26MAR310330-30
2026-03-31 07:47:16,UP,1.88,PLACED,0.00%,directional|KXETH15M-26MAR310400-00
2026-03-31 08:02:25,DOWN,1.84,PLACED,0.00%,directional|KXETH15M-26MAR310415-15
2026-03-31 08:03:27,UP,1.88,WIN,94.00%,directional|KXETH15M-26MAR310400-00
2026-03-31 08:18:35,DOWN,1.84,WIN,94.00%,directional|KXETH15M-26MAR310415-15
2026-03-31 08:33:42,DOWN,2.04,PLACED,0.00%,directional|KXETH15M-26MAR310445-45
2026-03-31 08:49:52,DOWN,2.04,WIN,94.00%,directional|KXETH15M-26MAR310445-45
2026-03-31 09:19:06,DOWN,2.69,PLACED,0.00%,directional|KXETH15M-26MAR310530-30
2026-03-31 09:35:16,DOWN,2.69,WIN,94.00%,directional|KXETH15M-26MAR310530-30
2026-03-31 09:49:23,DOWN,1.67,PLACED,0.00%,directional|KXETH15M-26MAR310600-00
2026-03-31 10:02:31,UP,1.62,PLACED,0.00%,directional|KXETH15M-26MAR310615-15
2026-03-31 10:05:34,DOWN,1.67,WIN,94.00%,directional|KXETH15M-26MAR310600-00
2026-03-31 10:18:43,UP,1.62,WIN,94.00%,directional|KXETH15M-26MAR310615-15
2026-03-31 10:47:56,UP,1.98,PLACED,0.00%,directional|KXETH15M-26MAR310700-00
2026-03-31 11:04:07,UP,1.98,WIN,94.00%,directional|KXETH15M-26MAR310700-00
2026-03-31 11:18:14,UP,2.96,PLACED,0.00%,directional|KXETH15M-26MAR310730-30
2026-03-31 11:34:24,UP,2.96,WIN,94.00%,directional|KXETH15M-26MAR310730-30
2026-03-31 11:47:31,DOWN,1.94,PLACED,0.00%,directional|KXETH15M-26MAR310800-00
2026-03-31 12:02:40,UP,1.77,PLACED,0.00%,directional|KXETH15M-26MAR310815-15
2026-03-31 12:03:41,DOWN,1.94,WIN,94.00%,directional|KXETH15M-26MAR310800-00
2026-03-31 12:18:50,UP,1.77,LOSS,-100.00%,directional|KXETH15M-26MAR310815-15
2026-03-31 12:19:52,UP,2.70,PLACED,0.00%,directional|KXETH15M-26MAR310830-30
2026-03-31 12:36:02,UP,2.70,WIN,94.00%,directional|KXETH15M-26MAR310830-30
2026-03-31 13:03:15,UP,1.55,PLACED,0.00%,directional|KXETH15M-26MAR310915-15
2026-03-31 13:46:47,UP,2.91,PLACED,0.00%,directional|KXETH15M-26MAR311000-00
2026-03-31 14:03:03,UP,2.22,PLACED,0.00%,directional|KXETH15M-26MAR311015-15
2026-03-31 14:03:04,UP,2.91,WIN,94.00%,directional|KXETH15M-26MAR311000-00
2026-03-31 14:17:19,UP,1.96,PLACED,0.00%,directional|KXETH15M-26MAR311030-30
2026-03-31 14:19:22,UP,2.22,WIN,94.00%,directional|KXETH15M-26MAR311015-15
2026-03-31 14:33:36,UP,1.96,WIN,94.00%,directional|KXETH15M-26MAR311030-30
2026-03-31 14:34:38,DOWN,1.79,PLACED,0.00%,directional|KXETH15M-26MAR311045-45
2026-03-31 14:49:53,DOWN,2.38,PLACED,0.00%,directional|KXETH15M-26MAR311100-00
2026-03-31 14:50:55,DOWN,1.79,WIN,94.00%,directional|KXETH15M-26MAR311045-45
2026-03-31 15:04:03,UP,1.43,PLACED,0.00%,directional|KXETH15M-26MAR311115-15
2026-03-31 15:06:05,DOWN,2.38,WIN,94.00%,directional|KXETH15M-26MAR311100-00
2026-03-31 15:20:14,UP,1.43,WIN,94.00%,directional|KXETH15M-26MAR311115-15
2026-03-31 16:02:34,UP,2.68,PLACED,0.00%,directional|KXETH15M-26MAR311215-15
2026-03-31 16:18:44,UP,2.68,WIN,94.00%,directional|KXETH15M-26MAR311215-15
2026-03-31 17:04:08,UP,2.39,PLACED,0.00%,directional|KXETH15M-26MAR311315-15
2026-03-31 17:20:18,UP,2.39,WIN,94.00%,directional|KXETH15M-26MAR311315-15
2026-03-31 18:02:38,UP,2.41,PLACED,0.00%,directional|KXETH15M-26MAR311415-15
2026-03-31 18:18:51,UP,1.67,PLACED,0.00%,directional|KXETH15M-26MAR311430-30
2026-03-31 18:18:52,UP,2.41,WIN,94.00%,directional|KXETH15M-26MAR311415-15
2026-03-31 18:35:08,UP,1.67,LOSS,-100.00%,directional|KXETH15M-26MAR311430-30
2026-03-31 19:48:44,UP,1.98,PLACED,0.00%,directional|KXETH15M-26MAR311600-00
2026-03-31 20:04:54,UP,1.98,WIN,94.00%,directional|KXETH15M-26MAR311600-00
2026-03-31 20:49:16,UP,2.11,PLACED,0.00%,directional|KXETH15M-26MAR311700-00
2026-03-31 21:03:25,DOWN,1.59,PLACED,0.00%,directional|KXETH15M-26MAR311715-15
2026-03-31 21:05:27,UP,2.11,WIN,94.00%,directional|KXETH15M-26MAR311700-00
2026-03-31 21:19:35,DOWN,1.59,WIN,94.00%,directional|KXETH15M-26MAR311715-15
2026-03-31 21:33:42,UP,1.88,PLACED,0.00%,directional|KXETH15M-26MAR311745-45
2026-03-31 21:49:52,UP,1.88,WIN,94.00%,directional|KXETH15M-26MAR311745-45
2026-03-31 22:03:59,DOWN,1.76,PLACED,0.00%,directional|KXETH15M-26MAR311815-15
2026-03-31 22:20:10,DOWN,1.76,WIN,94.00%,directional|KXETH15M-26MAR311815-15
2026-03-31 22:31:16,DOWN,2.08,PLACED,0.00%,directional|KXETH15M-26MAR311845-45
2026-03-31 22:47:26,DOWN,2.08,LOSS,-100.00%,directional|KXETH15M-26MAR311845-45
2026-03-31 22:48:28,DOWN,1.75,PLACED,0.00%,directional|KXETH15M-26MAR311900-00
2026-03-31 23:02:37,DOWN,1.74,PLACED,0.00%,directional|KXETH15M-26MAR311915-15
2026-03-31 23:04:39,DOWN,1.75,WIN,94.00%,directional|KXETH15M-26MAR311900-00
2026-03-31 23:18:47,UP,2.13,PLACED,0.00%,directional|KXETH15M-26MAR311930-30
2026-03-31 23:18:48,DOWN,1.74,LOSS,-100.00%,directional|KXETH15M-26MAR311915-15
2026-03-31 23:33:57,UP,1.29,PLACED,0.00%,directional|KXETH15M-26MAR311945-45
2026-03-31 23:34:59,UP,2.13,WIN,94.00%,directional|KXETH15M-26MAR311930-30
2026-03-31 23:47:06,DOWN,1.35,PLACED,0.00%,directional|KXETH15M-26MAR312000-00
2026-03-31 23:50:09,UP,1.29,WIN,94.00%,directional|KXETH15M-26MAR311945-45
2026-04-01 00:02:17,DOWN,1.71,PLACED,0.00%,directional|KXETH15M-26MAR312015-15
2026-04-01 00:03:18,DOWN,1.35,LOSS,-100.00%,directional|KXETH15M-26MAR312000-00
2026-04-01 00:18:28,UP,2.14,PLACED,0.00%,directional|KXETH15M-26MAR312030-30
2026-04-01 00:18:28,DOWN,1.71,WIN,94.00%,directional|KXETH15M-26MAR312015-15
2026-04-01 00:34:38,UP,2.14,LOSS,-100.00%,directional|KXETH15M-26MAR312030-30
2026-04-01 02:02:44,UP,1.52,PLACED,0.00%,directional|KXETH15M-26MAR312215-15
2026-04-01 03:02:33,UP,7.00,PLACED,0.00%,directional|KXETH15M-26MAR312315-15
2026-04-01 03:46:41,UP,6.60,PLACED,0.00%,directional|KXETH15M-26APR010000-00
2026-04-01 07:49:46,DOWN,7.00,PLACED,0.00%,directional|KXETH15M-26APR010400-00
2026-04-01 08:04:55,UP,6.00,PLACED,0.00%,directional|KXETH15M-26APR010415-15
2026-04-01 08:05:56,DOWN,7.00,WIN,94.00%,directional|KXETH15M-26APR010400-00
2026-04-01 08:21:05,UP,6.00,LOSS,-100.00%,directional|KXETH15M-26APR010415-15
2026-04-01 09:50:01,UP,7.00,PLACED,0.00%,directional|KXETH15M-26APR010600-00
2026-04-01 12:03:37,DOWN,3.64,PLACED,0.00%,directional|KXETH15M-26APR010815-15
2026-04-01 12:19:46,DOWN,3.64,WIN,94.00%,directional|KXETH15M-26APR010815-15
2026-04-01 12:48:59,UP,2.09,PLACED,0.00%,directional|KXETH15M-26APR010900-00
2026-04-01 13:05:11,UP,2.09,WIN,94.00%,directional|KXETH15M-26APR010900-00
2026-04-01 14:34:53,DOWN,9.10,PLACED,0.00%,directional|KXETH15M-26APR011045-45
2026-04-01 14:51:03,DOWN,9.10,WIN,94.00%,directional|KXETH15M-26APR011045-45
2026-04-01 17:03:34,UP,7.49,PLACED,0.00%,directional|KXETH15M-26APR011315-15
2026-04-01 18:04:11,DOWN,5.83,PLACED,0.00%,directional|KXETH15M-26APR011415-15
2026-04-01 19:18:33,DOWN,7.44,PLACED,0.00%,directional|KXETH15M-26APR011530-30
2026-04-01 20:04:39,DOWN,4.31,PLACED,0.00%,directional|KXETH15M-26APR011615-15
2026-04-02 02:03:36,DOWN,2.95,PLACED,0.00%,directional|KXETH15M-26APR012215-15
2026-04-02 02:19:48,UP,2.05,PLACED,0.00%,directional|KXETH15M-26APR012230-30
2026-04-02 02:19:48,DOWN,2.95,WIN,94.00%,directional|KXETH15M-26APR012215-15
2026-04-02 02:33:59,UP,2.03,PLACED,0.00%,directional|KXETH15M-26APR012245-45
2026-04-02 02:36:00,UP,2.05,WIN,94.00%,directional|KXETH15M-26APR012230-30
2026-04-02 02:50:10,UP,2.03,LOSS,-100.00%,directional|KXETH15M-26APR012245-45
2026-04-02 18:48:59,UP,3.27,PLACED,0.00%,directional|KXETH15M-26APR021500-00
2026-04-02 19:05:57,UP,3.27,WIN,83.49%,directional|KXETH15M-26APR021500-00
2026-04-02 19:34:59,DOWN,6.41,PLACED,0.00%,directional|KXETH15M-26APR021545-45
2026-04-02 19:51:57,DOWN,6.41,WIN,87.21%,directional|KXETH15M-26APR021545-45
2026-04-02 20:03:59,DOWN,3.61,PLACED,0.00%,directional|KXETH15M-26APR021615-15
2026-04-02 20:18:59,UP,2.00,PLACED,0.00%,directional|KXETH15M-26APR021630-30
2026-04-02 20:20:57,DOWN,3.61,LOSS,-100.00%,directional|KXETH15M-26APR021615-15
2026-04-02 20:35:57,UP,2.00,WIN,100.00%,directional|KXETH15M-26APR021630-30
2026-04-02 21:18:00,UP,4.32,PLACED,0.00%,directional|KXETH15M-26APR021730-30
2026-04-02 21:34:57,UP,4.32,WIN,85.19%,directional|KXETH15M-26APR021730-30
2026-04-02 22:32:59,UP,2.00,PLACED,0.00%,directional|KXETH15M-26APR021845-45
2026-04-02 22:46:59,DOWN,2.16,PLACED,0.00%,directional|KXETH15M-26APR021900-00
2026-04-02 22:49:01,UP,2.00,WIN,100.00%,directional|KXETH15M-26APR021845-45
2026-04-02 23:03:59,DOWN,3.25,PLACED,0.00%,directional|KXETH15M-26APR021915-15
2026-04-02 23:04:00,DOWN,2.16,WIN,85.19%,directional|KXETH15M-26APR021900-00
2026-04-02 23:20:57,DOWN,3.25,WIN,84.62%,directional|KXETH15M-26APR021915-15
2026-04-03 01:33:59,UP,2.00,PLACED,0.00%,directional|KXETH15M-26APR022145-45
2026-04-03 02:05:00,DOWN,2.93,PLACED,0.00%,directional|KXETH15M-26APR022215-15
2026-04-03 02:18:00,UP,5.86,PLACED,0.00%,directional|KXETH15M-26APR022230-30
2026-04-03 02:22:00,DOWN,2.93,WIN,70.65%,directional|KXETH15M-26APR022215-15
2026-04-03 03:34:24,UP,5.81,PLACED,0.00%,directional|KXETH15M-26APR022345-45
2026-04-03 12:31:34,DOWN,2.40,PLACED,0.00%,directional|KXETH15M-26APR030845-45
2026-04-03 13:34:34,DOWN,2.40,PLACED,0.00%,directional|KXETH15M-26APR030945-45
2026-04-03 13:49:34,DOWN,2.40,PLACED,0.00%,directional|KXETH15M-26APR031000-00
2026-04-03 14:49:34,UP,4.12,PLACED,0.00%,directional|KXETH15M-26APR031100-00
2026-04-03 15:06:32,UP,4.12,WIN,94.17%,directional|KXETH15M-26APR031100-00
2026-04-03 15:19:34,DOWN,6.62,PLACED,0.00%,directional|KXETH15M-26APR031130-30
2026-04-03 18:34:49,UP,2.60,PLACED,0.00%,directional|KXETH15M-26APR031445-45
2026-04-03 18:47:49,DOWN,2.17,PLACED,0.00%,directional|KXETH15M-26APR031500-00
2026-04-03 19:04:47,DOWN,2.17,WIN,84.33%,directional|KXETH15M-26APR031500-00
2026-04-03 19:19:49,UP,4.33,PLACED,0.00%,directional|KXETH15M-26APR031530-30
2026-04-03 19:36:47,UP,4.33,WIN,84.76%,directional|KXETH15M-26APR031530-30
2026-04-03 19:47:49,UP,5.17,PLACED,0.00%,directional|KXETH15M-26APR031600-00
2026-04-03 20:04:46,UP,5.17,WIN,93.42%,directional|KXETH15M-26APR031600-00
2026-04-03 22:48:50,DOWN,2.16,PLACED,0.00%,directional|KXETH15M-26APR031900-00
2026-04-03 23:05:46,DOWN,2.16,WIN,85.19%,directional|KXETH15M-26APR031900-00
2026-04-03 23:31:49,UP,2.87,PLACED,0.00%,directional|KXETH15M-26APR031945-45
2026-04-03 23:47:49,UP,2.77,PLACED,0.00%,directional|KXETH15M-26APR032000-00
2026-04-04 00:03:52,UP,2.77,WIN,80.51%,directional|KXETH15M-26APR032000-00
2026-04-04 03:02:49,UP,4.27,PLACED,0.00%,directional|KXETH15M-26APR032315-15
2026-04-04 03:19:46,UP,4.27,WIN,87.35%,directional|KXETH15M-26APR032315-15
2026-04-04 08:32:48,DOWN,5.21,PLACED,0.00%,directional|KXETH15M-26APR040445-45
2026-04-04 08:49:46,DOWN,5.21,WIN,91.94%,directional|KXETH15M-26APR040445-45
2026-04-04 10:02:49,UP,3.91,PLACED,0.00%,directional|KXETH15M-26APR040615-15
2026-04-04 12:03:13,UP,2.00,PLACED,0.00%,directional|KXETH15M-26APR040815-15
2026-04-04 12:48:13,UP,2.00,PLACED,0.00%,directional|KXETH15M-26APR040900-00
2026-04-04 13:05:10,UP,2.00,WIN,100.00%,directional|KXETH15M-26APR040900-00
2026-04-04 14:47:04,UP,4.81,PLACED,0.00%,directional|KXETH15M-26APR041100-00
2026-04-04 15:19:05,UP,4.10,PLACED,0.00%,directional|KXETH15M-26APR041130-30
2026-04-04 22:34:26,DOWN,2.16,PLACED,0.00%,directional|KXETH15M-26APR041845-45
2026-04-05 00:48:27,DOWN,2.16,PLACED,0.00%,directional|KXETH15M-26APR042100-00
2026-04-05 01:05:25,DOWN,2.16,WIN,85.19%,directional|KXETH15M-26APR042100-00
2026-04-05 02:04:27,DOWN,2.16,PLACED,0.00%,directional|KXETH15M-26APR042215-15
2026-04-05 02:16:27,UP,2.00,PLACED,0.00%,directional|KXETH15M-26APR042230-30
2026-04-05 02:21:25,DOWN,2.16,WIN,85.19%,directional|KXETH15M-26APR042215-15
2026-04-05 02:33:25,UP,2.00,WIN,100.00%,directional|KXETH15M-26APR042230-30
2026-04-05 03:32:28,DOWN,2.16,PLACED,0.00%,directional|KXETH15M-26APR042345-45
2026-04-05 03:49:24,DOWN,2.16,WIN,85.19%,directional|KXETH15M-26APR042345-45
2026-04-05 06:18:27,DOWN,4.78,PLACED,0.00%,directional|KXETH15M-26APR050230-30
2026-04-05 07:03:27,UP,4.60,PLACED,0.00%,directional|KXETH15M-26APR050315-15
2026-04-05 07:20:24,UP,4.60,WIN,95.65%,directional|KXETH15M-26APR050315-15
2026-04-05 07:33:27,DOWN,5.74,PLACED,0.00%,directional|KXETH15M-26APR050345-45
2026-04-05 07:50:24,DOWN,5.74,WIN,91.64%,directional|KXETH15M-26APR050345-45
2026-04-05 10:48:27,DOWN,5.05,PLACED,0.00%,directional|KXETH15M-26APR050700-00
2026-04-05 11:05:24,DOWN,5.05,WIN,98.02%,directional|KXETH15M-26APR050700-00
2026-04-05 12:04:27,DOWN,2.17,PLACED,0.00%,directional|KXETH15M-26APR050815-15
2026-04-05 12:21:24,DOWN,2.17,WIN,84.33%,directional|KXETH15M-26APR050815-15
2026-04-05 12:31:27,DOWN,2.00,PLACED,0.00%,directional|KXETH15M-26APR050845-45
2026-04-05 12:48:24,DOWN,2.00,WIN,100.00%,directional|KXETH15M-26APR050845-45
2026-04-05 14:03:27,UP,4.76,PLACED,0.00%,directional|KXETH15M-26APR051015-15
2026-04-05 14:20:24,UP,4.76,WIN,89.08%,directional|KXETH15M-26APR051015-15
2026-04-05 14:47:28,DOWN,3.79,PLACED,0.00%,directional|KXETH15M-26APR051100-00
2026-04-05 15:04:24,DOWN,3.79,WIN,84.70%,directional|KXETH15M-26APR051100-00
2026-04-05 16:33:27,UP,4.83,PLACED,0.00%,directional|KXETH15M-26APR051245-45
2026-04-05 19:18:27,UP,3.09,PLACED,0.00%,directional|KXETH15M-26APR051530-30
2026-04-05 19:35:24,UP,3.09,WIN,94.17%,directional|KXETH15M-26APR051530-30
2026-04-05 20:04:27,UP,2.00,PLACED,0.00%,directional|KXETH15M-26APR051615-15
2026-04-05 20:21:25,UP,2.00,WIN,100.00%,directional|KXETH15M-26APR051615-15
2026-04-05 22:03:27,UP,2.00,PLACED,0.00%,directional|KXETH15M-26APR051815-15
2026-04-05 23:31:17,UP,2.00,PLACED,0.00%,directional|KXETH15M-26APR051945-45
2026-04-05 23:48:17,UP,2.00,PLACED,0.00%,directional|KXETH15M-26APR052000-00
2026-04-05 23:48:18,UP,2.00,WIN,100.00%,directional|KXETH15M-26APR051945-45
2026-04-06 00:16:17,UP,2.00,PLACED,0.00%,directional|KXETH15M-26APR052030-30
2026-04-06 00:33:14,UP,2.00,WIN,100.00%,directional|KXETH15M-26APR052030-30
2026-04-06 02:33:13,UP,2.00,PLACED,0.00%,directional|KXETH15M-26APR052245-45
2026-04-09 16:04:44,UP,4.84,PLACED,0.00%,directional|KXETH15M-26APR091215-15
2026-04-09 16:34:46,DOWN,4.08,PLACED,0.00%,directional|KXETH15M-26APR091245-45
2026-04-09 16:51:40,DOWN,4.08,WIN,96.08%,directional|KXETH15M-26APR091245-45
2026-04-10 09:04:37,UP,5.67,PLACED,0.00%,directional|KXETH15M-26APR100515-15
2026-04-10 11:16:39,UP,3.78,PLACED,0.00%,directional|KXETH15M-26APR100730-30
2026-04-10 11:33:33,UP,3.78,WIN,85.19%,directional|KXETH15M-26APR100730-30
2026-04-10 12:03:37,UP,4.00,PLACED,0.00%,directional|KXETH15M-26APR100815-15
2026-04-10 12:20:35,UP,4.00,WIN,100.00%,directional|KXETH15M-26APR100815-15
2026-04-10 12:31:39,UP,5.71,PLACED,0.00%,directional|KXETH15M-26APR100845-45
2026-04-10 12:48:33,UP,5.71,WIN,92.64%,directional|KXETH15M-26APR100845-45
2026-04-10 14:17:38,UP,5.38,PLACED,0.00%,directional|KXETH15M-26APR101030-30
2026-04-10 14:34:37,UP,5.38,WIN,85.87%,directional|KXETH15M-26APR101030-30
2026-04-10 16:49:49,UP,5.22,PLACED,0.00%,directional|KXETH15M-26APR101300-00
2026-04-10 17:06:36,UP,5.22,WIN,91.57%,directional|KXETH15M-26APR101300-00
2026-04-10 17:48:37,UP,4.68,PLACED,0.00%,directional|KXETH15M-26APR101400-00
2026-04-10 18:03:38,DOWN,6.70,PLACED,0.00%,directional|KXETH15M-26APR101415-15
2026-04-10 18:05:36,UP,4.68,WIN,92.31%,directional|KXETH15M-26APR101400-00
2026-04-10 18:20:34,DOWN,6.70,WIN,94.03%,directional|KXETH15M-26APR101415-15
2026-04-10 19:32:36,DOWN,6.70,PLACED,0.00%,directional|KXETH15M-26APR101545-45
2026-04-10 19:49:38,DOWN,6.70,WIN,94.03%,directional|KXETH15M-26APR101545-45
2026-04-11 01:32:11,UP,2.42,PLACED,0.00%,directional|KXETH15M-26APR102145-45
2026-04-11 01:49:09,UP,2.42,WIN,65.29%,directional|KXETH15M-26APR102145-45
2026-04-11 03:35:51,DOWN,2.86,PLACED,0.00%,directional|KXETH15M-26APR102345-45
2026-04-11 03:51:54,DOWN,2.86,WIN,74.83%,directional|KXETH15M-26APR102345-45
2026-04-11 03:54:53,DOWN,4.33,PLACED,0.00%,directional|KXETH15M-26APR110000-00
2026-04-11 04:06:10,UP,4.95,PLACED,0.00%,directional|KXETH15M-26APR110015-15
2026-04-11 04:54:29,UP,5.00,PLACED,0.00%,directional|KXETH15M-26APR110100-00
2026-04-11 05:10:38,DOWN,6.04,PLACED,0.00%,directional|KXETH15M-26APR110115-15
2026-04-11 05:10:40,UP,5.00,WIN,0.00%,directional|KXETH15M-26APR110100-00
2026-04-11 05:19:28,UP,5.04,PLACED,0.00%,directional|KXETH15M-26APR110130-30
2026-04-11 05:27:29,DOWN,6.04,WIN,-0.66%,directional|KXETH15M-26APR110115-15
2026-04-11 05:36:25,UP,5.04,WIN,-0.79%,directional|KXETH15M-26APR110130-30
2026-04-11 06:08:31,DOWN,17.77,PLACED,0.00%,directional|KXETH15M-26APR110215-15
2026-04-11 06:25:29,UP,11.84,PLACED,0.00%,directional|KXETH15M-26APR110230-30
2026-04-11 06:42:25,UP,11.84,WIN,35.14%,directional|KXETH15M-26APR110230-30
2026-04-11 06:51:28,UP,16.82,PLACED,0.00%,directional|KXETH15M-26APR110300-00
2026-04-11 07:08:27,UP,16.82,WIN,24.85%,directional|KXETH15M-26APR110300-00
2026-04-11 07:10:28,DOWN,24.43,PLACED,0.00%,directional|KXETH15M-26APR110315-15
2026-04-11 07:27:25,DOWN,24.43,WIN,6.43%,directional|KXETH15M-26APR110315-15
2026-04-11 07:42:33,DOWN,31.70,PLACED,0.00%,directional|KXETH15M-26APR110345-45
2026-04-11 07:51:34,DOWN,25.61,PLACED,0.00%,directional|KXETH15M-26APR110400-00
2026-04-11 07:59:37,DOWN,31.70,WIN,0.95%,directional|KXETH15M-26APR110345-45
2026-04-11 08:06:33,UP,17.39,PLACED,0.00%,directional|KXETH15M-26APR110415-15
2026-04-11 08:23:30,UP,17.39,WIN,26.51%,directional|KXETH15M-26APR110415-15
2026-04-11 08:50:33,UP,13.55,PLACED,0.00%,directional|KXETH15M-26APR110500-00
2026-04-11 09:16:33,UP,16.24,PLACED,0.00%,directional|KXETH15M-26APR110530-30
2026-04-11 09:33:31,UP,16.24,WIN,-1.48%,directional|KXETH15M-26APR110530-30
2026-04-11 09:40:33,DOWN,21.73,PLACED,0.00%,directional|KXETH15M-26APR110545-45
2026-04-11 09:47:32,UP,11.65,PLACED,0.00%,directional|KXETH15M-26APR110600-00
2026-04-11 09:57:33,DOWN,21.73,WIN,5.84%,directional|KXETH15M-26APR110545-45
2026-04-11 10:04:31,UP,11.65,WIN,37.34%,directional|KXETH15M-26APR110600-00
2026-04-11 10:37:33,DOWN,20.51,PLACED,0.00%,directional|KXETH15M-26APR110645-45
2026-04-11 10:51:33,UP,12.55,PLACED,0.00%,directional|KXETH15M-26APR110700-00
2026-04-11 10:54:33,DOWN,20.51,WIN,21.89%,directional|KXETH15M-26APR110645-45
2026-04-11 11:07:36,UP,15.83,PLACED,0.00%,directional|KXETH15M-26APR110715-15
2026-04-11 11:07:37,UP,12.55,WIN,35.46%,directional|KXETH15M-26APR110700-00
2026-04-11 11:51:35,UP,19.08,PLACED,0.00%,directional|KXETH15M-26APR110800-00
2026-04-11 12:07:33,DOWN,8.56,PLACED,0.00%,directional|KXETH15M-26APR110815-15
2026-04-11 12:08:30,UP,19.08,WIN,20.55%,directional|KXETH15M-26APR110800-00
2026-04-11 12:24:36,DOWN,8.56,WIN,28.50%,directional|KXETH15M-26APR110815-15
2026-04-11 12:27:34,DOWN,11.16,PLACED,0.00%,directional|KXETH15M-26APR110830-30
2026-04-11 12:42:36,UP,8.41,PLACED,0.00%,directional|KXETH15M-26APR110845-45
2026-04-11 12:44:31,DOWN,11.16,WIN,7.53%,directional|KXETH15M-26APR110830-30
2026-04-11 13:42:54,UP,8.35,PLACED,0.00%,directional|KXETH15M-26APR110945-45
2026-04-11 13:56:44,UP,9.06,PLACED,0.00%,directional|KXETH15M-26APR111000-00
2026-04-11 14:09:36,UP,20.20,PLACED,0.00%,directional|KXETH15M-26APR111015-15
2026-04-11 14:26:28,UP,20.20,WIN,-0.99%,directional|KXETH15M-26APR111015-15
2026-04-11 14:31:31,DOWN,22.96,PLACED,0.00%,directional|KXETH15M-26APR111045-45
2026-04-11 14:38:32,DOWN,13.85,PLACED,0.00%,directional|KXETH15M-26APR111045-45
2026-04-11 14:52:21,UP,21.47,PLACED,0.00%,directional|KXETH15M-26APR111100-00
2026-04-11 15:09:11,UP,21.47,WIN,7.13%,directional|KXETH15M-26APR111100-00
2026-04-11 15:18:16,UP,31.36,PLACED,0.00%,directional|KXETH15M-26APR111130-30
2026-04-11 15:35:14,UP,31.36,WIN,2.04%,directional|KXETH15M-26APR111130-30
2026-04-11 15:53:16,UP,25.59,PLACED,0.00%,directional|KXETH15M-26APR111200-00
2026-04-11 16:10:24,UP,25.59,WIN,13.33%,directional|KXETH15M-26APR111200-00
2026-04-11 16:56:37,DOWN,23.54,ATTEMPTING,0.00%,directional|KXETH15M-26APR111300-00
2026-04-11 17:21:37,DOWN,17.45,ATTEMPTING,0.00%,directional|KXETH15M-26APR111330-30
2026-04-11 17:56:57,DOWN,20.71,ATTEMPTING,0.00%,directional|KXETH15M-26APR111400-00
2026-04-11 18:05:37,DOWN,12.37,ATTEMPTING,0.00%,directional|KXETH15M-26APR111415-15
2026-04-11 18:17:36,UP,11.01,ATTEMPTING,0.00%,directional|KXETH15M-26APR111430-30
2026-04-11 18:17:37,UP,11.01,PLACED,0.00%,directional|KXETH15M-26APR111430-30
2026-04-11 18:31:37,UP,11.88,ATTEMPTING,0.00%,directional|KXETH15M-26APR111445-45
2026-04-11 18:34:39,UP,11.01,WIN,27.16%,directional|KXETH15M-26APR111430-30
2026-04-11 18:37:38,UP,18.79,ATTEMPTING,0.00%,directional|KXETH15M-26APR111445-45
2026-04-11 18:42:37,UP,18.80,ATTEMPTING,0.00%,directional|KXETH15M-26APR111445-45
2026-04-11 18:49:36,UP,16.92,ATTEMPTING,0.00%,directional|KXETH15M-26APR111500-00
2026-04-11 18:49:37,UP,16.92,PLACED,0.00%,directional|KXETH15M-26APR111500-00
2026-04-11 18:52:36,UP,14.43,ATTEMPTING,0.00%,directional|KXETH15M-26APR111500-00
2026-04-11 18:52:37,UP,14.43,PLACED,0.00%,directional|KXETH15M-26APR111500-00
2026-04-11 19:01:37,UP,13.63,ATTEMPTING,0.00%,directional|KXETH15M-26APR111515-15
2026-04-11 19:04:35,UP,12.29,ATTEMPTING,0.00%,directional|KXETH15M-26APR111515-15
2026-04-11 19:08:38,UP,28.48,ATTEMPTING,0.00%,directional|KXETH15M-26APR111515-15
2026-04-11 19:08:40,UP,14.43,WIN,10.88%,directional|KXETH15M-26APR111500-00
2026-04-11 19:50:20,DOWN,12.80,ATTEMPTING,0.00%,directional|KXETH15M-26APR111600-00
2026-04-11 19:50:21,DOWN,12.80,PLACED,0.00%,directional|KXETH15M-26APR111600-00
2026-04-11 20:04:20,DOWN,15.22,ATTEMPTING,0.00%,directional|KXETH15M-26APR111615-15
2026-04-11 20:07:20,DOWN,15.52,ATTEMPTING,0.00%,directional|KXETH15M-26APR111615-15
2026-04-11 20:07:22,DOWN,12.80,WIN,40.62%,directional|KXETH15M-26APR111600-00
2026-04-11 20:10:26,DOWN,15.35,ATTEMPTING,0.00%,directional|KXETH15M-26APR111615-15
2026-04-11 20:26:20,DOWN,13.33,ATTEMPTING,0.00%,directional|KXETH15M-26APR111630-30
2026-04-11 20:32:20,DOWN,13.65,ATTEMPTING,0.00%,directional|KXETH15M-26APR111645-45
2026-04-11 20:37:21,DOWN,16.12,ATTEMPTING,0.00%,directional|KXETH15M-26APR111645-45
2026-04-11 20:42:20,DOWN,22.33,ATTEMPTING,0.00%,directional|KXETH15M-26APR111645-45
2026-04-11 20:50:20,UP,14.45,ATTEMPTING,0.00%,directional|KXETH15M-26APR111700-00
2026-04-11 20:50:21,UP,14.45,PLACED,0.00%,directional|KXETH15M-26APR111700-00
2026-04-11 21:07:20,UP,14.45,WIN,3.81%,directional|KXETH15M-26APR111700-00
2026-04-11 21:10:20,UP,17.97,ATTEMPTING,0.00%,directional|KXETH15M-26APR111715-15
2026-04-11 21:22:04,DOWN,16.88,ATTEMPTING,0.00%,directional|KXETH15M-26APR111730-30
2026-04-11 21:25:10,DOWN,23.64,ATTEMPTING,0.00%,directional|KXETH15M-26APR111730-30
2026-04-11 21:56:43,UP,11.88,ATTEMPTING,0.00%,directional|KXETH15M-26APR111800-00
2026-04-11 21:56:43,UP,11.88,PLACED,0.00%,directional|KXETH15M-26APR111800-00
2026-04-11 22:06:44,UP,4.95,ATTEMPTING,0.00%,directional|KXETH15M-26APR111815-15
2026-04-11 22:06:45,UP,4.95,PLACED,0.00%,directional|KXETH15M-26APR111815-15
2026-04-11 22:12:45,UP,11.88,WIN,1.01%,directional|KXETH15M-26APR111800-00
2026-04-11 22:22:43,UP,5.44,ATTEMPTING,0.00%,directional|KXETH15M-26APR111830-30
2026-04-11 22:22:43,UP,5.44,PLACED,0.00%,directional|KXETH15M-26APR111830-30
2026-04-11 22:23:42,UP,4.95,WIN,21.21%,directional|KXETH15M-26APR111815-15
2026-04-11 22:31:44,DOWN,7.25,ATTEMPTING,0.00%,directional|KXETH15M-26APR111845-45
2026-04-11 22:37:45,DOWN,11.30,ATTEMPTING,0.00%,directional|KXETH15M-26APR111845-45
2026-04-11 22:42:43,DOWN,7.96,ATTEMPTING,0.00%,directional|KXETH15M-26APR111845-45
2026-04-11 23:06:19,DOWN,9.84,ATTEMPTING,0.00%,directional|KXETH15M-26APR111915-15
2026-04-11 23:09:21,DOWN,10.29,ATTEMPTING,0.00%,directional|KXETH15M-26APR111915-15
2026-04-11 23:21:56,UP,5.97,ATTEMPTING,0.00%,directional|KXETH15M-26APR111930-30
2026-04-11 23:21:57,UP,5.97,PLACED,0.00%,directional|KXETH15M-26APR111930-30
2026-04-11 23:38:54,UP,5.97,WIN,17.25%,directional|KXETH15M-26APR111930-30
2026-04-12 00:10:55,DOWN,7.51,ATTEMPTING,0.00%,directional|KXETH15M-26APR112015-15
2026-04-12 00:10:56,DOWN,7.51,PLACED,0.00%,directional|KXETH15M-26APR112015-15
2026-04-12 00:27:55,DOWN,7.51,WIN,19.84%,directional|KXETH15M-26APR112015-15
2026-04-12 00:40:55,DOWN,7.42,ATTEMPTING,0.00%,directional|KXETH15M-26APR112045-45
2026-04-12 00:52:55,UP,7.41,ATTEMPTING,0.00%,directional|KXETH15M-26APR112100-00
2026-04-12 00:52:56,UP,7.41,PLACED,0.00%,directional|KXETH15M-26APR112100-00
2026-04-12 01:40:59,DOWN,7.20,ATTEMPTING,0.00%,directional|KXETH15M-26APR112145-45
2026-04-12 01:50:00,DOWN,7.16,ATTEMPTING,0.00%,directional|KXETH15M-26APR112200-00
2026-04-12 01:55:00,DOWN,8.15,ATTEMPTING,0.00%,directional|KXETH15M-26APR112200-00
2026-04-12 01:55:01,DOWN,8.15,PLACED,0.00%,directional|KXETH15M-26APR112200-00
2026-04-12 02:11:35,UP,6.35,ATTEMPTING,0.00%,directional|KXETH15M-26APR112215-15
2026-04-12 03:09:39,DOWN,7.86,ATTEMPTING,0.00%,directional|KXETH15M-26APR112315-15
2026-04-12 03:40:24,DOWN,6.56,ATTEMPTING,0.00%,directional|KXETH15M-26APR112345-45
2026-04-12 03:40:25,DOWN,27.30,PLACED,0.00%,directional|KXETH15M-26APR112345-45
2026-04-12 03:56:40,DOWN,27.30,WIN,9.89%,directional|KXETH15M-26APR112345-45
2026-04-12 04:56:58,DOWN,7.24,ATTEMPTING,0.00%,directional|KXETH15M-26APR120100-00
2026-04-12 05:27:59,UP,6.41,ATTEMPTING,0.00%,directional|KXETH15M-26APR120130-30
2026-04-12 05:38:59,DOWN,6.14,ATTEMPTING,0.00%,directional|KXETH15M-26APR120145-45
2026-04-12 05:38:59,DOWN,27.00,PLACED,0.00%,directional|KXETH15M-26APR120145-45
2026-04-12 05:50:19,UP,6.55,ATTEMPTING,0.00%,directional|KXETH15M-26APR120200-00
2026-04-12 05:50:19,UP,6.02,PLACED,0.00%,directional|KXETH15M-26APR120200-00
2026-04-12 05:52:51,UNKNOWN,27.24,LOSS,0.00%,restored|KXETH15M-26APR120145-45
2026-04-12 06:05:58,UP,11.88,ATTEMPTING,0.00%,directional|KXETH15M-26APR120215-15
2026-04-12 06:05:58,UP,11.57,PLACED,0.00%,directional|KXETH15M-26APR120215-15
2026-04-12 06:06:31,UP,6.02,WIN,16.28%,directional|KXETH15M-26APR120200-00
2026-04-12 06:22:09,UP,11.57,WIN,12.36%,directional|KXETH15M-26APR120215-15
2026-04-12 06:22:42,DOWN,11.88,ATTEMPTING,0.00%,directional|KXETH15M-26APR120230-30
2026-04-12 06:35:44,DOWN,14.26,ATTEMPTING,0.00%,directional|KXETH15M-26APR120245-45
2026-04-12 06:41:39,DOWN,17.82,ATTEMPTING,0.00%,directional|KXETH15M-26APR120245-45
2026-04-12 06:52:39,UP,10.86,ATTEMPTING,0.00%,directional|KXETH15M-26APR120300-00
2026-04-12 06:55:40,UP,10.69,ATTEMPTING,0.00%,directional|KXETH15M-26APR120300-00
2026-04-12 07:04:39,DOWN,13.45,ATTEMPTING,0.00%,directional|KXETH15M-26APR120315-15
2026-04-12 07:07:39,DOWN,14.26,ATTEMPTING,0.00%,directional|KXETH15M-26APR120315-15
2026-04-12 07:12:39,DOWN,8.56,ATTEMPTING,0.00%,directional|KXETH15M-26APR120315-15
2026-04-12 07:12:40,DOWN,20.59,PLACED,0.00%,directional|KXETH15M-26APR120315-15
2026-04-12 07:17:50,DOWN,8.56,ATTEMPTING,0.00%,directional|KXETH15M-26APR120330-30
2026-04-12 07:21:04,DOWN,8.56,ATTEMPTING,0.00%,directional|KXETH15M-26APR120330-30
2026-04-12 07:26:14,DOWN,13.45,ATTEMPTING,0.00%,directional|KXETH15M-26APR120330-30
2026-04-12 07:26:15,DOWN,24.90,PLACED,0.00%,directional|KXETH15M-26APR120330-30
2026-04-12 07:28:48,DOWN,20.59,WIN,40.85%,directional|KXETH15M-26APR120315-15
2026-04-12 07:35:37,UP,8.15,ATTEMPTING,0.00%,directional|KXETH15M-26APR120345-45
2026-04-12 07:39:48,UP,10.69,ATTEMPTING,0.00%,directional|KXETH15M-26APR120345-45
2026-04-12 07:39:48,UP,9.80,PLACED,0.00%,directional|KXETH15M-26APR120345-45
2026-04-12 07:42:30,DOWN,24.90,WIN,20.48%,directional|KXETH15M-26APR120330-30
2026-04-12 07:54:28,UP,11.88,ATTEMPTING,0.00%,directional|KXETH15M-26APR120400-00
2026-04-12 07:54:29,UP,11.14,PLACED,0.00%,directional|KXETH15M-26APR120400-00
2026-04-12 07:56:01,UP,9.80,WIN,2.04%,directional|KXETH15M-26APR120345-45
2026-04-12 08:05:58,DOWN,8.56,ATTEMPTING,0.00%,directional|KXETH15M-26APR120415-15
2026-04-12 08:10:41,UP,11.14,WIN,7.72%,directional|KXETH15M-26APR120400-00
2026-04-12 08:11:11,DOWN,17.82,ATTEMPTING,0.00%,directional|KXETH15M-26APR120415-15
2026-04-12 08:11:11,DOWN,29.40,PLACED,0.00%,directional|KXETH15M-26APR120415-15
2026-04-12 08:26:44,UP,11.88,ATTEMPTING,0.00%,directional|KXETH15M-26APR120430-30
2026-04-12 08:27:17,DOWN,29.40,WIN,2.04%,directional|KXETH15M-26APR120415-15
2026-04-12 08:37:45,DOWN,12.62,ATTEMPTING,0.00%,directional|KXETH15M-26APR120445-45
2026-04-12 08:37:45,DOWN,24.30,PLACED,0.00%,directional|KXETH15M-26APR120445-45
2026-04-12 08:49:50,DOWN,17.82,ATTEMPTING,0.00%,directional|KXETH15M-26APR120500-00
2026-04-12 08:49:51,DOWN,28.77,PLACED,0.00%,directional|KXETH15M-26APR120500-00
2026-04-12 09:05:55,DOWN,28.77,WIN,4.28%,directional|KXETH15M-26APR120500-00
2026-04-12 09:06:24,DOWN,14.26,ATTEMPTING,0.00%,directional|KXETH15M-26APR120515-15
2026-04-12 09:09:26,DOWN,14.26,ATTEMPTING,0.00%,directional|KXETH15M-26APR120515-15
2026-04-12 09:09:26,DOWN,27.99,PLACED,0.00%,directional|KXETH15M-26APR120515-15
2026-04-12 09:11:27,DOWN,14.26,ATTEMPTING,0.00%,directional|KXETH15M-26APR120515-15
2026-04-12 09:11:28,DOWN,25.50,PLACED,0.00%,directional|KXETH15M-26APR120515-15
2026-04-12 09:19:45,UP,8.55,ATTEMPTING,0.00%,directional|KXETH15M-26APR120530-30
2026-04-12 09:27:39,DOWN,25.50,WIN,17.65%,directional|KXETH15M-26APR120515-15
2026-04-12 09:27:43,UP,11.88,ATTEMPTING,0.00%,directional|KXETH15M-26APR120530-30
2026-04-12 09:27:44,UP,11.88,PLACED,0.00%,directional|KXETH15M-26APR120530-30
2026-04-12 09:43:45,UP,11.88,WIN,1.01%,directional|KXETH15M-26APR120530-30
2026-04-12 09:53:17,UP,11.88,ATTEMPTING,0.00%,directional|KXETH15M-26APR120600-00
2026-04-12 09:56:17,UP,11.88,ATTEMPTING,0.00%,directional|KXETH15M-26APR120600-00
2026-04-12 10:12:25,UP,11.88,ATTEMPTING,0.00%,directional|KXETH15M-26APR120615-15
2026-04-12 10:12:26,UP,11.74,PLACED,0.00%,directional|KXETH15M-26APR120615-15
2026-04-12 10:21:42,UP,9.85,ATTEMPTING,0.00%,directional|KXETH15M-26APR120630-30
2026-04-12 10:26:55,UP,11.88,ATTEMPTING,0.00%,directional|KXETH15M-26APR120630-30
2026-04-12 10:26:56,UP,11.52,PLACED,0.00%,directional|KXETH15M-26APR120630-30
2026-04-12 10:28:29,UP,11.74,WIN,2.21%,directional|KXETH15M-26APR120615-15
2026-04-12 10:35:08,DOWN,9.78,ATTEMPTING,0.00%,directional|KXETH15M-26APR120645-45
2026-04-12 10:40:08,DOWN,11.88,ATTEMPTING,0.00%,directional|KXETH15M-26APR120645-45
2026-04-12 10:50:09,DOWN,14.26,ATTEMPTING,0.00%,directional|KXETH15M-26APR120700-00
2026-04-12 10:53:04,DOWN,17.82,ATTEMPTING,0.00%,directional|KXETH15M-26APR120700-00
2026-04-12 10:58:04,DOWN,22.00,ATTEMPTING,0.00%,directional|KXETH15M-26APR120700-00
2026-04-12 11:24:02,DOWN,8.56,ATTEMPTING,0.00%,directional|KXETH15M-26APR120730-30
2026-04-12 11:27:02,DOWN,14.26,ATTEMPTING,0.00%,directional|KXETH15M-26APR120730-30
2026-04-12 11:57:03,UP,7.80,ATTEMPTING,0.00%,directional|KXETH15M-26APR120800-00
2026-04-12 12:01:09,DOWN,10.39,ATTEMPTING,0.00%,directional|KXETH15M-26APR120815-15
2026-04-12 12:01:10,DOWN,24.30,PLACED,0.00%,directional|KXETH15M-26APR120815-15
2026-04-12 12:17:27,DOWN,24.30,WIN,23.46%,directional|KXETH15M-26APR120815-15
2026-04-12 12:21:46,UP,8.97,ATTEMPTING,0.00%,directional|KXETH15M-26APR120830-30
2026-04-12 12:24:43,UP,8.97,ATTEMPTING,0.00%,directional|KXETH15M-26APR120830-30
2026-04-12 12:27:43,UP,9.97,ATTEMPTING,0.00%,directional|KXETH15M-26APR120830-30
2026-04-12 12:27:43,UP,9.80,PLACED,0.00%,directional|KXETH15M-26APR120830-30
2026-04-12 12:37:03,DOWN,9.02,ATTEMPTING,0.00%,directional|KXETH15M-26APR120845-45
2026-04-12 12:37:04,DOWN,23.10,PLACED,0.00%,directional|KXETH15M-26APR120845-45
2026-04-12 12:42:20,UP,8.68,ATTEMPTING,0.00%,directional|KXETH15M-26APR120845-45
2026-04-12 12:43:50,UP,9.80,WIN,2.04%,directional|KXETH15M-26APR120830-30
2026-04-12 12:55:24,DOWN,11.58,ATTEMPTING,0.00%,directional|KXETH15M-26APR120900-00
2026-04-12 13:21:22,UP,7.67,ATTEMPTING,0.00%,directional|KXETH15M-26APR120930-30
2026-04-12 13:21:22,UP,7.20,PLACED,0.00%,directional|KXETH15M-26APR120930-30
2026-04-12 13:37:37,UP,7.20,WIN,25.00%,directional|KXETH15M-26APR120930-30
2026-04-12 13:38:57,DOWN,8.98,ATTEMPTING,0.00%,directional|KXETH15M-26APR120945-45
2026-04-12 13:38:57,DOWN,8.10,PLACED,0.00%,directional|KXETH15M-26APR120945-45
2026-04-12 13:55:02,DOWN,8.10,WIN,11.11%,directional|KXETH15M-26APR120945-45
2026-04-12 14:26:34,UP,10.69,ATTEMPTING,0.00%,directional|KXETH15M-26APR121030-30
2026-04-12 14:32:31,DOWN,11.40,ATTEMPTING,0.00%,directional|KXETH15M-26APR121045-45
2026-04-12 15:22:31,DOWN,8.15,ATTEMPTING,0.00%,directional|KXETH15M-26APR121130-30
2026-04-12 15:22:32,DOWN,7.00,PLACED,0.00%,directional|KXETH15M-26APR121130-30
2026-04-12 15:38:38,DOWN,7.00,WIN,42.86%,directional|KXETH15M-26APR121130-30
2026-04-12 15:53:14,UP,11.88,ATTEMPTING,0.00%,directional|KXETH15M-26APR121200-00
2026-04-12 15:57:09,UP,11.88,ATTEMPTING,0.00%,directional|KXETH15M-26APR121200-00
2026-04-12 15:57:10,UP,11.87,PLACED,0.00%,directional|KXETH15M-26APR121200-00
2026-04-12 16:05:27,UP,9.50,ATTEMPTING,0.00%,directional|KXETH15M-26APR121215-15
2026-04-12 16:13:16,UP,11.87,WIN,1.10%,directional|KXETH15M-26APR121200-00
2026-04-12 16:25:56,DOWN,14.26,ATTEMPTING,0.00%,directional|KXETH15M-26APR121230-30
2026-04-12 16:38:52,DOWN,11.88,ATTEMPTING,0.00%,directional|KXETH15M-26APR121245-45
2026-04-12 16:38:53,DOWN,11.44,PLACED,0.00%,directional|KXETH15M-26APR121245-45
2026-04-12 16:55:09,DOWN,11.44,WIN,13.64%,directional|KXETH15M-26APR121245-45
2026-04-12 17:03:27,UP,9.50,ATTEMPTING,0.00%,directional|KXETH15M-26APR121315-15
2026-04-12 17:06:29,UP,10.69,ATTEMPTING,0.00%,directional|KXETH15M-26APR121315-15
2026-04-12 17:06:29,UP,10.34,PLACED,0.00%,directional|KXETH15M-26APR121315-15
2026-04-12 17:19:53,UP,10.69,ATTEMPTING,0.00%,directional|KXETH15M-26APR121330-30
2026-04-12 17:19:54,UP,10.20,PLACED,0.00%,directional|KXETH15M-26APR121330-30
2026-04-12 17:22:34,UP,10.34,WIN,6.38%,directional|KXETH15M-26APR121315-15
2026-04-12 17:31:29,UP,8.49,ATTEMPTING,0.00%,directional|KXETH15M-26APR121345-45
2026-04-12 17:34:32,UP,10.69,ATTEMPTING,0.00%,directional|KXETH15M-26APR121345-45
2026-04-12 17:36:03,UP,10.20,WIN,17.65%,directional|KXETH15M-26APR121330-30
2026-04-12 17:37:37,UP,11.54,ATTEMPTING,0.00%,directional|KXETH15M-26APR121345-45
2026-04-12 17:41:38,UP,10.69,ATTEMPTING,0.00%,directional|KXETH15M-26APR121345-45
2026-04-12 17:41:38,UP,10.44,PLACED,0.00%,directional|KXETH15M-26APR121345-45
2026-04-12 17:51:57,UP,15.44,ATTEMPTING,0.00%,directional|KXETH15M-26APR121400-00
2026-04-12 17:55:05,UP,13.90,ATTEMPTING,0.00%,directional|KXETH15M-26APR121400-00
2026-04-12 17:57:53,UP,10.44,WIN,5.36%,directional|KXETH15M-26APR121345-45
2026-04-12 18:06:11,UP,10.86,ATTEMPTING,0.00%,directional|KXETH15M-26APR121415-15
2026-04-12 18:06:12,UP,10.66,PLACED,0.00%,directional|KXETH15M-26APR121415-15
2026-04-12 18:16:16,UP,8.24,ATTEMPTING,0.00%,directional|KXETH15M-26APR121430-30
2026-04-12 18:16:16,UP,7.70,PLACED,0.00%,directional|KXETH15M-26APR121430-30
2026-04-12 18:39:19,UP,10.69,ATTEMPTING,0.00%,directional|KXETH15M-26APR121445-45
2026-04-12 18:39:20,UP,9.89,PLACED,0.00%,directional|KXETH15M-26APR121445-45
2026-04-12 18:49:41,DOWN,12.62,ATTEMPTING,0.00%,directional|KXETH15M-26APR121500-00
2026-04-12 18:52:48,DOWN,14.26,ATTEMPTING,0.00%,directional|KXETH15M-26APR121500-00
2026-04-12 18:52:48,DOWN,13.63,PLACED,0.00%,directional|KXETH15M-26APR121500-00
2026-04-12 18:55:27,UP,9.89,WIN,1.11%,directional|KXETH15M-26APR121445-45
2026-04-12 19:07:23,UP,10.09,ATTEMPTING,0.00%,directional|KXETH15M-26APR121515-15
2026-04-12 19:08:54,DOWN,13.63,WIN,2.71%,directional|KXETH15M-26APR121500-00
2026-04-12 19:10:27,UP,11.88,ATTEMPTING,0.00%,directional|KXETH15M-26APR121515-15
2026-04-12 19:17:27,DOWN,10.19,ATTEMPTING,0.00%,directional|KXETH15M-26APR121530-30
2026-04-12 19:17:28,DOWN,9.75,PLACED,0.00%,directional|KXETH15M-26APR121530-30
2026-04-12 19:37:51,DOWN,14.26,ATTEMPTING,0.00%,directional|KXETH15M-26APR121545-45
2026-04-12 19:40:52,DOWN,14.85,ATTEMPTING,0.00%,directional|KXETH15M-26APR121545-45
2026-04-12 19:40:52,DOWN,14.71,PLACED,0.00%,directional|KXETH15M-26APR121545-45
2026-04-12 19:57:02,DOWN,14.71,WIN,-4.83%,directional|KXETH15M-26APR121545-45
2026-04-12 20:02:28,UP,8.15,ATTEMPTING,0.00%,directional|KXETH15M-26APR121615-15
2026-04-12 20:24:29,UP,7.13,ATTEMPTING,0.00%,directional|KXETH15M-26APR121630-30
2026-04-12 21:10:28,DOWN,13.03,ATTEMPTING,0.00%,directional|KXETH15M-26APR121715-15
2026-04-12 21:19:31,UP,11.88,ATTEMPTING,0.00%,directional|KXETH15M-26APR121730-30
2026-04-12 21:37:30,DOWN,11.54,ATTEMPTING,0.00%,directional|KXETH15M-26APR121745-45
2026-04-12 21:50:28,DOWN,14.26,ATTEMPTING,0.00%,directional|KXETH15M-26APR121800-00
2026-04-12 21:50:29,DOWN,13.60,PLACED,0.00%,directional|KXETH15M-26APR121800-00
2026-04-12 21:53:32,DOWN,8.83,ATTEMPTING,0.00%,directional|KXETH15M-26APR121800-00
2026-04-12 22:01:32,DOWN,8.48,ATTEMPTING,0.00%,directional|KXETH15M-26APR121815-15
2026-04-12 22:01:33,DOWN,7.60,PLACED,0.00%,directional|KXETH15M-26APR121815-15
2026-04-12 22:17:35,DOWN,7.60,WIN,5.26%,directional|KXETH15M-26APR121815-15
2026-04-12 22:36:07,UP,6.80,ATTEMPTING,0.00%,directional|KXETH15M-26APR121845-45
2026-04-12 22:36:08,UP,6.23,PLACED,0.00%,directional|KXETH15M-26APR121845-45
2026-04-12 22:52:23,UP,6.23,WIN,12.36%,directional|KXETH15M-26APR121845-45
2026-04-12 23:07:41,DOWN,7.36,ATTEMPTING,0.00%,directional|KXETH15M-26APR121915-15
2026-04-12 23:34:40,DOWN,5.62,ATTEMPTING,0.00%,directional|KXETH15M-26APR121945-45
2026-04-12 23:37:41,DOWN,6.95,ATTEMPTING,0.00%,directional|KXETH15M-26APR121945-45
2026-04-13 00:26:41,UP,5.23,ATTEMPTING,0.00%,directional|KXETH15M-26APR122030-30
2026-04-13 01:56:18,DOWN,7.01,ATTEMPTING,0.00%,directional|KXETH15M-26APR122200-00
2026-04-13 02:07:48,DOWN,5.67,ATTEMPTING,0.00%,directional|KXETH15M-26APR122215-15
2026-04-13 02:07:48,DOWN,5.04,PLACED,0.00%,directional|KXETH15M-26APR122215-15
2026-04-13 02:37:31,DOWN,6.96,ATTEMPTING,0.00%,directional|KXETH15M-26APR122245-45
2026-04-13 02:37:32,DOWN,6.33,PLACED,0.00%,directional|KXETH15M-26APR122245-45
2026-04-13 02:53:35,DOWN,6.33,WIN,-5.21%,directional|KXETH15M-26APR122245-45
