2026-03-30 15:17:12,DOWN,2.05,PLACED,0.00%,directional|KXSOL15M-26MAR301130-30
2026-03-30 15:33:21,UP,2.27,PLACED,0.00%,directional|KXSOL15M-26MAR301145-45
2026-03-30 15:33:22,DOWN,2.05,WIN,94.00%,directional|KXSOL15M-26MAR301130-30
2026-03-30 15:48:30,DOWN,1.64,PLACED,0.00%,directional|KXSOL15M-26MAR301200-00
2026-03-30 15:49:31,UP,2.27,WIN,94.00%,directional|KXSOL15M-26MAR301145-45
2026-03-30 16:03:39,DOWN,2.30,PLACED,0.00%,directional|KXSOL15M-26MAR301215-15
2026-03-30 16:04:41,DOWN,1.64,WIN,94.00%,directional|KXSOL15M-26MAR301200-00
2026-03-30 16:19:49,DOWN,1.99,PLACED,0.00%,directional|KXSOL15M-26MAR301230-30
2026-03-30 16:19:50,DOWN,2.30,WIN,94.00%,directional|KXSOL15M-26MAR301215-15
2026-03-30 18:03:46,UP,1.76,PLACED,0.00%,directional|KXSOL15M-26MAR301415-15
2026-03-30 18:19:57,UP,1.76,LOSS,-100.00%,directional|KXSOL15M-26MAR301415-15
2026-03-30 18:49:11,DOWN,2.00,PLACED,0.00%,directional|KXSOL15M-26MAR301500-00
2026-03-30 20:03:53,UP,1.89,PLACED,0.00%,directional|KXSOL15M-26MAR301615-15
2026-03-30 20:20:02,UP,1.89,WIN,94.00%,directional|KXSOL15M-26MAR301615-15
2026-03-30 21:18:28,UP,1.33,PLACED,0.00%,directional|KXSOL15M-26MAR301730-30
2026-03-30 21:34:37,UP,1.33,WIN,94.00%,directional|KXSOL15M-26MAR301730-30
2026-03-30 22:04:50,UP,2.19,PLACED,0.00%,directional|KXSOL15M-26MAR301815-15
2026-03-30 22:21:00,UP,2.19,LOSS,-100.00%,directional|KXSOL15M-26MAR301815-15
2026-03-30 22:49:13,DOWN,2.11,PLACED,0.00%,directional|KXSOL15M-26MAR301900-00
2026-03-31 00:19:34,DOWN,1.89,PLACED,0.00%,directional|KXSOL15M-26MAR302030-30
2026-03-31 00:19:36,DOWN,1.89,PLACED,0.00%,directional|KXSOL15M-26MAR302030-30
2026-03-31 00:33:43,DOWN,1.25,PLACED,0.00%,directional|KXSOL15M-26MAR302045-45
2026-03-31 00:33:44,DOWN,1.25,PLACED,0.00%,directional|KXSOL15M-26MAR302045-45
2026-03-31 00:35:45,DOWN,1.89,LOSS,-100.00%,directional|KXSOL15M-26MAR302030-30
2026-03-31 00:35:46,DOWN,1.89,LOSS,-100.00%,directional|KXSOL15M-26MAR302030-30
2026-03-31 00:46:52,UP,2.06,PLACED,0.00%,directional|KXSOL15M-26MAR302100-00
2026-03-31 00:47:53,UP,2.03,PLACED,0.00%,directional|KXSOL15M-26MAR302100-00
2026-03-31 00:49:55,DOWN,1.25,LOSS,-100.00%,directional|KXSOL15M-26MAR302045-45
2026-03-31 00:49:55,DOWN,1.25,LOSS,-100.00%,directional|KXSOL15M-26MAR302045-45
2026-03-31 01:19:34,UP,1.65,PLACED,0.00%,directional|KXBTC15M-26MAR302130-30
2026-03-31 02:18:13,UP,1.04,PLACED,0.00%,directional|KXSOL15M-26MAR302230-30
2026-03-31 02:18:13,UP,2.07,PLACED,0.00%,directional|KXSOL15M-26MAR302230-30
2026-03-31 02:19:24,UP,0.93,PLACED,0.00%,directional|KXBTC15M-26MAR302230-30
2026-03-31 02:34:23,UP,2.07,WIN,94.00%,directional|KXSOL15M-26MAR302230-30
2026-03-31 02:34:33,DOWN,1.04,PLACED,0.00%,directional|KXBTC15M-26MAR302245-45
2026-03-31 02:35:34,UP,0.93,WIN,94.00%,directional|KXBTC15M-26MAR302230-30
2026-03-31 02:50:43,DOWN,1.04,WIN,94.00%,directional|KXBTC15M-26MAR302245-45
2026-03-31 03:01:42,DOWN,2.72,PLACED,0.00%,directional|KXSOL15M-26MAR302315-15
2026-03-31 03:01:48,DOWN,0.98,PLACED,0.00%,directional|KXBTC15M-26MAR302315-15
2026-03-31 03:17:55,DOWN,2.72,WIN,94.00%,directional|KXSOL15M-26MAR302315-15
2026-03-31 03:17:58,DOWN,0.98,WIN,94.00%,directional|KXBTC15M-26MAR302315-15
2026-03-31 04:01:15,UP,1.92,PLACED,0.00%,directional|KXSOL15M-26MAR310015-15
2026-03-31 04:17:26,UP,0.98,PLACED,0.00%,directional|KXBTC15M-26MAR310030-30
2026-03-31 04:17:26,UP,2.08,PLACED,0.00%,directional|KXSOL15M-26MAR310030-30
2026-03-31 04:17:27,UP,1.92,LOSS,-100.00%,directional|KXSOL15M-26MAR310015-15
2026-03-31 04:33:37,UP,0.60,PLACED,0.00%,directional|KXBTC15M-26MAR310045-45
2026-03-31 04:33:37,UP,0.98,LOSS,-100.00%,directional|KXBTC15M-26MAR310030-30
2026-03-31 04:33:41,UP,2.08,LOSS,-100.00%,directional|KXSOL15M-26MAR310030-30
2026-03-31 04:34:43,UP,1.72,PLACED,0.00%,directional|KXSOL15M-26MAR310045-45
2026-03-31 04:49:47,UP,0.60,WIN,94.00%,directional|KXBTC15M-26MAR310045-45
2026-03-31 04:50:52,UP,1.72,WIN,94.00%,directional|KXSOL15M-26MAR310045-45
2026-03-31 05:46:17,UP,1.27,PLACED,0.00%,directional|KXSOL15M-26MAR310200-00
2026-03-31 05:48:13,UP,0.78,PLACED,0.00%,directional|KXBTC15M-26MAR310200-00
2026-03-31 06:02:27,UP,1.27,WIN,94.00%,directional|KXSOL15M-26MAR310200-00
2026-03-31 06:03:21,DOWN,1.09,PLACED,0.00%,directional|KXBTC15M-26MAR310215-15
2026-03-31 06:03:28,DOWN,1.57,PLACED,0.00%,directional|KXSOL15M-26MAR310215-15
2026-03-31 06:04:23,UP,0.78,WIN,94.00%,directional|KXBTC15M-26MAR310200-00
2026-03-31 06:19:31,DOWN,1.09,WIN,94.00%,directional|KXBTC15M-26MAR310215-15
2026-03-31 06:19:37,DOWN,1.57,WIN,94.00%,directional|KXSOL15M-26MAR310215-15
2026-03-31 07:17:57,DOWN,1.32,PLACED,0.00%,directional|KXBTC15M-26MAR310330-30
2026-03-31 07:19:04,DOWN,2.64,PLACED,0.00%,directional|KXSOL15M-26MAR310330-30
2026-03-31 07:34:08,DOWN,1.32,WIN,94.00%,directional|KXBTC15M-26MAR310330-30
2026-03-31 07:35:14,DOWN,2.64,WIN,94.00%,directional|KXSOL15M-26MAR310330-30
2026-03-31 07:46:19,UP,1.82,PLACED,0.00%,directional|KXSOL15M-26MAR310400-00
2026-03-31 07:47:14,UP,1.19,PLACED,0.00%,directional|KXBTC15M-26MAR310400-00
2026-03-31 08:02:24,DOWN,1.38,PLACED,0.00%,directional|KXBTC15M-26MAR310415-15
2026-03-31 08:02:30,DOWN,1.89,PLACED,0.00%,directional|KXSOL15M-26MAR310415-15
2026-03-31 08:02:31,UP,1.82,WIN,94.00%,directional|KXSOL15M-26MAR310400-00
2026-03-31 08:03:25,UP,1.19,WIN,94.00%,directional|KXBTC15M-26MAR310400-00
2026-03-31 08:18:34,DOWN,1.38,LOSS,-100.00%,directional|KXBTC15M-26MAR310415-15
2026-03-31 08:18:39,DOWN,1.89,WIN,94.00%,directional|KXSOL15M-26MAR310415-15
2026-03-31 08:32:40,DOWN,1.55,PLACED,0.00%,directional|KXBTC15M-26MAR310445-45
2026-03-31 08:33:47,DOWN,2.65,PLACED,0.00%,directional|KXSOL15M-26MAR310445-45
2026-03-31 08:46:50,DOWN,0.93,PLACED,0.00%,directional|KXBTC15M-26MAR310500-00
2026-03-31 08:48:52,DOWN,1.55,WIN,94.00%,directional|KXBTC15M-26MAR310445-45
2026-03-31 08:49:57,DOWN,2.65,WIN,94.00%,directional|KXSOL15M-26MAR310445-45
2026-03-31 09:03:00,DOWN,0.93,WIN,94.00%,directional|KXBTC15M-26MAR310500-00
2026-03-31 09:19:09,DOWN,1.78,PLACED,0.00%,directional|KXBTC15M-26MAR310530-30
2026-03-31 09:19:11,DOWN,1.84,PLACED,0.00%,directional|KXSOL15M-26MAR310530-30
2026-03-31 09:35:18,DOWN,1.78,WIN,94.00%,directional|KXBTC15M-26MAR310530-30
2026-03-31 09:35:20,DOWN,1.84,WIN,94.00%,directional|KXSOL15M-26MAR310530-30
2026-03-31 09:48:25,DOWN,1.25,PLACED,0.00%,directional|KXBTC15M-26MAR310600-00
2026-03-31 10:04:35,DOWN,1.25,WIN,94.00%,directional|KXBTC15M-26MAR310600-00
2026-03-31 11:17:08,UP,2.11,PLACED,0.00%,directional|KXBTC15M-26MAR310730-30
2026-03-31 11:18:08,UP,3.69,PLACED,0.00%,directional|KXSOL15M-26MAR310730-30
2026-03-31 11:33:18,UP,2.11,WIN,94.00%,directional|KXBTC15M-26MAR310730-30
2026-03-31 11:34:18,UP,3.69,WIN,94.00%,directional|KXSOL15M-26MAR310730-30
2026-03-31 11:47:26,DOWN,2.12,PLACED,0.00%,directional|KXBTC15M-26MAR310800-00
2026-03-31 12:03:32,UP,1.77,PLACED,0.00%,directional|KXSOL15M-26MAR310815-15
2026-03-31 12:03:36,DOWN,2.12,WIN,94.00%,directional|KXBTC15M-26MAR310800-00
2026-03-31 12:04:37,UP,1.49,PLACED,0.00%,directional|KXBTC15M-26MAR310815-15
2026-03-31 12:19:41,UP,2.08,PLACED,0.00%,directional|KXSOL15M-26MAR310830-30
2026-03-31 12:19:42,UP,1.77,LOSS,-100.00%,directional|KXSOL15M-26MAR310815-15
2026-03-31 12:20:47,UP,1.49,LOSS,-100.00%,directional|KXBTC15M-26MAR310815-15
2026-03-31 12:35:52,UP,2.08,WIN,94.00%,directional|KXSOL15M-26MAR310830-30
2026-03-31 12:49:59,DOWN,2.70,PLACED,0.00%,directional|KXSOL15M-26MAR310900-00
2026-03-31 12:50:01,DOWN,2.08,PLACED,0.00%,directional|KXBTC15M-26MAR310900-00
2026-03-31 13:46:47,UP,3.90,PLACED,0.00%,directional|KXSOL15M-26MAR311000-00
2026-03-31 13:48:04,UP,2.61,PLACED,0.00%,directional|KXBTC15M-26MAR311000-00
2026-03-31 14:01:02,UP,2.05,PLACED,0.00%,directional|KXSOL15M-26MAR311015-15
2026-03-31 14:01:12,UP,2.37,PLACED,0.00%,directional|KXBTC15M-26MAR311015-15
2026-03-31 14:03:05,UP,3.90,WIN,94.00%,directional|KXSOL15M-26MAR311000-00
2026-03-31 14:04:15,UP,2.61,WIN,94.00%,directional|KXBTC15M-26MAR311000-00
2026-03-31 14:17:19,UP,2.46,PLACED,0.00%,directional|KXSOL15M-26MAR311030-30
2026-03-31 14:17:21,UP,2.05,WIN,94.00%,directional|KXSOL15M-26MAR311015-15
2026-03-31 14:17:23,UP,1.83,PLACED,0.00%,directional|KXBTC15M-26MAR311030-30
2026-03-31 14:17:24,UP,2.37,WIN,94.00%,directional|KXBTC15M-26MAR311015-15
2026-03-31 14:33:36,UP,1.83,WIN,94.00%,directional|KXBTC15M-26MAR311030-30
2026-03-31 14:33:36,DOWN,2.24,PLACED,0.00%,directional|KXSOL15M-26MAR311045-45
2026-03-31 14:33:37,UP,2.46,WIN,94.00%,directional|KXSOL15M-26MAR311030-30
2026-03-31 14:34:38,DOWN,1.79,PLACED,0.00%,directional|KXBTC15M-26MAR311045-45
2026-03-31 14:48:46,DOWN,2.82,PLACED,0.00%,directional|KXSOL15M-26MAR311100-00
2026-03-31 14:49:48,DOWN,2.24,WIN,94.00%,directional|KXSOL15M-26MAR311045-45
2026-03-31 14:50:53,DOWN,1.79,WIN,94.00%,directional|KXBTC15M-26MAR311045-45
2026-03-31 15:04:00,UP,1.62,PLACED,0.00%,directional|KXBTC15M-26MAR311115-15
2026-03-31 15:04:57,DOWN,2.82,WIN,94.00%,directional|KXSOL15M-26MAR311100-00
2026-03-31 15:20:11,UP,1.62,WIN,94.00%,directional|KXBTC15M-26MAR311115-15
2026-03-31 16:02:25,UP,2.85,PLACED,0.00%,directional|KXSOL15M-26MAR311215-15
2026-03-31 16:18:35,UP,2.85,WIN,94.00%,directional|KXSOL15M-26MAR311215-15
2026-03-31 17:03:56,UP,1.97,PLACED,0.00%,directional|KXSOL15M-26MAR311315-15
2026-03-31 17:20:07,UP,1.97,WIN,94.00%,directional|KXSOL15M-26MAR311315-15
2026-03-31 18:18:34,UP,1.48,PLACED,0.00%,directional|KXSOL15M-26MAR311430-30
2026-03-31 18:34:45,UP,1.48,LOSS,-100.00%,directional|KXSOL15M-26MAR311430-30
2026-03-31 19:49:22,UP,1.72,PLACED,0.00%,directional|KXSOL15M-26MAR311600-00
2026-03-31 20:04:31,DOWN,1.61,PLACED,0.00%,directional|KXSOL15M-26MAR311615-15
2026-03-31 20:05:32,UP,1.72,WIN,94.00%,directional|KXSOL15M-26MAR311600-00
2026-03-31 20:19:41,DOWN,1.34,PLACED,0.00%,directional|KXSOL15M-26MAR311630-30
2026-03-31 20:20:42,DOWN,1.61,LOSS,-100.00%,directional|KXSOL15M-26MAR311615-15
2026-03-31 20:32:51,DOWN,1.53,PLACED,0.00%,directional|KXSOL15M-26MAR311645-45
2026-03-31 20:35:54,DOWN,1.34,WIN,94.00%,directional|KXSOL15M-26MAR311630-30
2026-03-31 20:49:02,UP,1.79,PLACED,0.00%,directional|KXSOL15M-26MAR311700-00
2026-03-31 20:49:03,DOWN,1.53,WIN,94.00%,directional|KXSOL15M-26MAR311645-45
2026-03-31 21:03:12,DOWN,2.90,PLACED,0.00%,directional|KXSOL15M-26MAR311715-15
2026-03-31 21:05:14,UP,1.79,WIN,94.00%,directional|KXSOL15M-26MAR311700-00
2026-03-31 21:19:23,DOWN,2.90,WIN,94.00%,directional|KXSOL15M-26MAR311715-15
2026-03-31 22:18:50,UP,1.57,PLACED,0.00%,directional|KXSOL15M-26MAR311830-30
2026-03-31 22:32:59,DOWN,2.24,PLACED,0.00%,directional|KXSOL15M-26MAR311845-45
2026-03-31 22:35:01,UP,1.57,LOSS,-100.00%,directional|KXSOL15M-26MAR311830-30
2026-03-31 22:49:10,DOWN,2.24,LOSS,-100.00%,directional|KXSOL15M-26MAR311845-45
2026-03-31 23:19:25,UP,2.13,PLACED,0.00%,directional|KXSOL15M-26MAR311930-30
2026-03-31 23:35:34,UP,2.13,WIN,94.00%,directional|KXSOL15M-26MAR311930-30
2026-03-31 23:47:41,DOWN,1.35,PLACED,0.00%,directional|KXSOL15M-26MAR312000-00
2026-04-01 00:03:51,DOWN,1.35,LOSS,-100.00%,directional|KXSOL15M-26MAR312000-00
2026-04-01 00:18:59,UP,2.14,PLACED,0.00%,directional|KXSOL15M-26MAR312030-30
2026-04-01 00:35:10,UP,2.14,LOSS,-100.00%,directional|KXSOL15M-26MAR312030-30
2026-04-01 01:17:24,DOWN,0.54,PLACED,0.00%,directional|KXBTC15M-26MAR312130-30
2026-04-01 01:33:35,DOWN,0.54,WIN,94.00%,directional|KXBTC15M-26MAR312130-30
2026-04-01 02:19:04,UP,4.06,PLACED,0.00%,directional|KXBTC15M-26MAR312230-30
2026-04-01 02:35:15,UP,4.06,LOSS,-100.00%,directional|KXBTC15M-26MAR312230-30
2026-04-01 03:01:32,UP,6.80,PLACED,0.00%,directional|KXSOL15M-26MAR312315-15
2026-04-01 03:02:00,UP,5.60,PLACED,0.00%,directional|KXBTC15M-26MAR312315-15
2026-04-01 03:32:47,UP,5.40,PLACED,0.00%,directional|KXSOL15M-26MAR312345-45
2026-04-01 03:46:34,UP,5.60,PLACED,0.00%,directional|KXBTC15M-26APR010000-00
2026-04-01 03:46:55,UP,6.40,PLACED,0.00%,directional|KXSOL15M-26APR010000-00
2026-04-01 09:49:38,UP,7.00,PLACED,0.00%,directional|KXBTC15M-26APR010600-00
2026-04-01 09:50:01,UP,6.80,PLACED,0.00%,directional|KXSOL15M-26APR010600-00
2026-04-01 10:04:37,DOWN,6.60,PLACED,0.00%,directional|KXBTC15M-26APR010615-15
2026-04-01 10:20:47,DOWN,6.60,WIN,94.00%,directional|KXBTC15M-26APR010615-15
2026-04-01 17:02:46,UP,4.81,PLACED,0.00%,directional|KXSOL15M-26APR011315-15
2026-04-01 17:03:45,UP,7.49,PLACED,0.00%,directional|KXBTC15M-26APR011315-15
2026-04-01 17:19:12,UP,5.07,PLACED,0.00%,directional|KXSOL15M-26APR011330-30
2026-04-01 18:04:21,DOWN,4.86,PLACED,0.00%,directional|KXBTC15M-26APR011415-15
2026-04-01 18:04:22,DOWN,4.86,PLACED,0.00%,directional|KXSOL15M-26APR011415-15
2026-04-01 18:47:28,DOWN,5.89,PLACED,0.00%,directional|KXSOL15M-26APR011500-00
2026-04-01 19:03:41,DOWN,5.89,WIN,94.00%,directional|KXSOL15M-26APR011500-00
2026-04-01 20:04:40,DOWN,5.60,PLACED,0.00%,directional|KXSOL15M-26APR011615-15
2026-04-01 21:19:25,UP,6.80,PLACED,0.00%,directional|KXBTC15M-26APR011730-30
2026-04-01 21:35:35,UP,6.80,WIN,94.00%,directional|KXBTC15M-26APR011730-30
2026-04-02 02:04:41,DOWN,5.60,PLACED,0.00%,directional|KXSOL15M-26APR012215-15
2026-04-02 02:19:52,UP,2.05,PLACED,0.00%,directional|KXSOL15M-26APR012230-30
2026-04-02 02:20:54,DOWN,5.60,WIN,94.00%,directional|KXSOL15M-26APR012215-15
2026-04-02 02:34:03,UP,2.12,PLACED,0.00%,directional|KXSOL15M-26APR012245-45
2026-04-02 02:36:05,UP,2.05,LOSS,-100.00%,directional|KXSOL15M-26APR012230-30
2026-04-02 02:47:52,UP,1.92,PLACED,0.00%,directional|KXBTC15M-26APR012300-00
2026-04-02 02:50:14,UP,2.12,LOSS,-100.00%,directional|KXSOL15M-26APR012245-45
2026-04-02 03:04:04,UP,1.92,WIN,94.00%,directional|KXBTC15M-26APR012300-00
2026-04-02 18:49:03,UP,2.34,PLACED,0.00%,directional|KXSOL15M-26APR021500-00
2026-04-02 19:06:01,UP,2.34,WIN,70.94%,directional|KXSOL15M-26APR021500-00
2026-04-02 19:34:03,DOWN,8.15,PLACED,0.00%,directional|KXSOL15M-26APR021545-45
2026-04-02 19:51:02,DOWN,8.15,WIN,96.32%,directional|KXSOL15M-26APR021545-45
2026-04-02 20:19:04,UP,2.36,PLACED,0.00%,directional|KXSOL15M-26APR021630-30
2026-04-02 20:36:02,UP,2.36,WIN,69.49%,directional|KXSOL15M-26APR021630-30
2026-04-02 21:18:04,UP,4.86,PLACED,0.00%,directional|KXSOL15M-26APR021730-30
2026-04-02 21:35:02,UP,4.86,WIN,85.19%,directional|KXSOL15M-26APR021730-30
2026-04-02 21:49:03,UP,3.89,PLACED,0.00%,directional|KXSOL15M-26APR021800-00
2026-04-02 22:06:02,UP,3.89,WIN,79.95%,directional|KXSOL15M-26APR021800-00
2026-04-02 22:33:03,UP,2.00,PLACED,0.00%,directional|KXSOL15M-26APR021845-45
2026-04-02 22:48:03,DOWN,2.16,PLACED,0.00%,directional|KXSOL15M-26APR021900-00
2026-04-02 22:50:02,UP,2.00,WIN,100.00%,directional|KXSOL15M-26APR021845-45
2026-04-02 23:05:02,DOWN,2.16,WIN,85.19%,directional|KXSOL15M-26APR021900-00
2026-04-03 00:19:03,UP,2.00,PLACED,0.00%,directional|KXSOL15M-26APR022030-30
2026-04-03 00:36:02,UP,2.00,WIN,100.00%,directional|KXSOL15M-26APR022030-30
2026-04-03 01:47:28,DOWN,2.16,PLACED,0.00%,directional|KXSOL15M-26APR022200-00
2026-04-03 02:19:07,UP,3.76,PLACED,0.00%,directional|KXSOL15M-26APR022230-30
2026-04-03 02:36:04,UP,3.76,WIN,86.17%,directional|KXSOL15M-26APR022230-30
2026-04-03 03:04:29,DOWN,3.41,PLACED,0.00%,directional|KXSOL15M-26APR022315-15
2026-04-03 03:34:29,UP,5.62,PLACED,0.00%,directional|KXSOL15M-26APR022345-45
2026-04-03 14:49:39,UP,4.72,PLACED,0.00%,directional|KXSOL15M-26APR031100-00
2026-04-03 15:06:38,UP,4.72,WIN,90.68%,directional|KXSOL15M-26APR031100-00
2026-04-03 18:04:54,DOWN,2.16,PLACED,0.00%,directional|KXSOL15M-26APR031415-15
2026-04-03 18:19:54,UP,2.00,PLACED,0.00%,directional|KXSOL15M-26APR031430-30
2026-04-03 18:21:52,DOWN,2.16,WIN,85.19%,directional|KXSOL15M-26APR031415-15
2026-04-03 18:34:54,UP,2.00,PLACED,0.00%,directional|KXSOL15M-26APR031445-45
2026-04-03 18:36:52,UP,2.00,WIN,100.00%,directional|KXSOL15M-26APR031430-30
2026-04-03 19:34:54,UP,3.50,PLACED,0.00%,directional|KXSOL15M-26APR031545-45
2026-04-03 19:48:55,UP,4.90,PLACED,0.00%,directional|KXSOL15M-26APR031600-00
2026-04-03 19:51:52,UP,3.50,WIN,100.00%,directional|KXSOL15M-26APR031545-45
2026-04-03 20:05:52,UP,4.90,WIN,83.67%,directional|KXSOL15M-26APR031600-00
2026-04-03 23:47:54,UP,2.00,PLACED,0.00%,directional|KXSOL15M-26APR032000-00
2026-04-04 00:04:51,UP,2.00,WIN,100.00%,directional|KXSOL15M-26APR032000-00
2026-04-04 01:18:55,DOWN,2.16,PLACED,0.00%,directional|KXSOL15M-26APR032130-30
2026-04-04 01:35:51,DOWN,2.16,WIN,85.19%,directional|KXSOL15M-26APR032130-30
2026-04-04 02:34:54,UP,2.45,PLACED,0.00%,directional|KXSOL15M-26APR032245-45
2026-04-04 03:19:54,DOWN,5.99,PLACED,0.00%,directional|KXSOL15M-26APR032330-30
2026-04-04 05:31:54,UP,2.00,PLACED,0.00%,directional|KXSOL15M-26APR040145-45
2026-04-04 05:48:51,UP,2.00,WIN,100.00%,directional|KXSOL15M-26APR040145-45
2026-04-04 09:49:54,UP,4.29,PLACED,0.00%,directional|KXSOL15M-26APR040600-00
2026-04-04 10:04:54,UP,3.93,PLACED,0.00%,directional|KXSOL15M-26APR040615-15
2026-04-04 10:06:52,UP,4.29,WIN,86.48%,directional|KXSOL15M-26APR040600-00
2026-04-04 10:21:51,UP,3.93,WIN,78.12%,directional|KXSOL15M-26APR040615-15
2026-04-04 10:33:55,DOWN,4.37,PLACED,0.00%,directional|KXSOL15M-26APR040645-45
2026-04-04 13:33:18,DOWN,2.16,PLACED,0.00%,directional|KXSOL15M-26APR040945-45
2026-04-04 14:48:10,UP,2.95,PLACED,0.00%,directional|KXSOL15M-26APR041100-00
2026-04-04 15:04:12,UP,2.95,WIN,69.49%,directional|KXSOL15M-26APR041100-00
2026-04-04 23:03:32,DOWN,2.16,PLACED,0.00%,directional|KXSOL15M-26APR041915-15
2026-04-04 23:20:29,DOWN,2.16,WIN,85.19%,directional|KXSOL15M-26APR041915-15
2026-04-05 00:04:32,DOWN,2.00,PLACED,0.00%,directional|KXSOL15M-26APR042015-15
2026-04-05 00:21:29,DOWN,2.00,WIN,100.00%,directional|KXSOL15M-26APR042015-15
2026-04-05 06:03:32,DOWN,4.38,PLACED,0.00%,directional|KXSOL15M-26APR050215-15
2026-04-05 06:20:29,DOWN,4.38,WIN,82.65%,directional|KXSOL15M-26APR050215-15
2026-04-05 09:32:33,DOWN,4.51,PLACED,0.00%,directional|KXSOL15M-26APR050545-45
2026-04-05 09:49:29,DOWN,4.51,WIN,99.56%,directional|KXSOL15M-26APR050545-45
2026-04-05 13:03:32,UP,2.00,PLACED,0.00%,directional|KXSOL15M-26APR050915-15
2026-04-05 13:20:29,UP,2.00,LOSS,-100.00%,directional|KXSOL15M-26APR050915-15
2026-04-05 16:33:32,UP,4.33,PLACED,0.00%,directional|KXSOL15M-26APR051245-45
2026-04-05 19:34:32,DOWN,3.58,PLACED,0.00%,directional|KXSOL15M-26APR051545-45
2026-04-05 19:51:29,DOWN,3.58,WIN,95.53%,directional|KXSOL15M-26APR051545-45
2026-04-05 21:47:32,UP,3.89,PLACED,0.00%,directional|KXSOL15M-26APR051800-00
2026-04-05 22:04:31,UP,3.89,WIN,79.95%,directional|KXSOL15M-26APR051800-00
2026-04-05 23:18:22,UP,2.34,PLACED,0.00%,directional|KXSOL15M-26APR051930-30
2026-04-05 23:35:22,UP,2.34,WIN,70.94%,directional|KXSOL15M-26APR051930-30
2026-04-06 00:03:22,UP,2.00,PLACED,0.00%,directional|KXSOL15M-26APR052015-15
2026-04-06 00:16:22,UP,2.00,PLACED,0.00%,directional|KXSOL15M-26APR052030-30
2026-04-06 00:20:20,UP,2.00,WIN,100.00%,directional|KXSOL15M-26APR052015-15
2026-04-06 01:49:22,UP,2.00,PLACED,0.00%,directional|KXSOL15M-26APR052200-00
2026-04-06 02:06:16,UP,3.08,LOSS,0.00%,restored|KXSOL15M-26APR052200-00
2026-04-06 04:02:19,UP,2.00,PLACED,0.00%,directional|KXSOL15M-26APR060015-15
2026-04-09 15:49:43,UP,2.21,PLACED,0.00%,directional|KXSOL15M-26APR091200-00
2026-04-09 16:02:44,UP,4.82,PLACED,0.00%,directional|KXSOL15M-26APR091215-15
2026-04-09 16:05:46,UP,2.21,WIN,81.00%,directional|KXSOL15M-26APR091200-00
2026-04-10 11:33:36,DOWN,4.54,PLACED,0.00%,directional|KXSOL15M-26APR100745-45
2026-04-10 12:33:36,UP,2.85,PLACED,0.00%,directional|KXSOL15M-26APR100845-45
2026-04-10 12:50:35,UP,2.85,WIN,75.44%,directional|KXSOL15M-26APR100845-45
2026-04-10 14:31:36,UP,7.49,PLACED,0.00%,directional|KXSOL15M-26APR101045-45
2026-04-10 16:48:36,UP,5.94,PLACED,0.00%,directional|KXSOL15M-26APR101300-00
2026-04-10 17:04:39,DOWN,3.50,PLACED,0.00%,directional|KXSOL15M-26APR101315-15
2026-04-10 17:04:40,UP,5.94,WIN,85.19%,directional|KXSOL15M-26APR101300-00
2026-04-10 17:19:38,UP,2.94,PLACED,0.00%,directional|KXSOL15M-26APR101330-30
2026-04-10 17:21:34,DOWN,3.50,WIN,100.00%,directional|KXSOL15M-26APR101315-15
2026-04-10 19:19:36,DOWN,6.70,PLACED,0.00%,directional|KXSOL15M-26APR101530-30
2026-04-10 19:35:41,DOWN,6.70,WIN,94.03%,directional|KXSOL15M-26APR101530-30
2026-04-10 20:31:38,UP,3.29,PLACED,0.00%,directional|KXSOL15M-26APR101645-45
2026-04-11 01:18:12,DOWN,3.02,PLACED,0.00%,directional|KXSOL15M-26APR102130-30
2026-04-11 01:33:11,UP,2.77,PLACED,0.00%,directional|KXSOL15M-26APR102145-45
2026-04-11 01:34:16,DOWN,3.02,WIN,98.68%,directional|KXSOL15M-26APR102130-30
2026-04-11 03:41:51,DOWN,3.40,PLACED,0.00%,directional|KXSOL15M-26APR102345-45
2026-04-11 03:49:52,DOWN,3.16,PLACED,0.00%,directional|KXSOL15M-26APR110000-00
2026-04-11 03:57:54,DOWN,3.40,WIN,76.47%,directional|KXSOL15M-26APR102345-45
2026-04-11 04:23:57,DOWN,5.95,PLACED,0.00%,directional|KXSOL15M-26APR110030-30
2026-04-11 05:12:29,DOWN,6.04,PLACED,0.00%,directional|KXSOL15M-26APR110115-15
2026-04-11 05:29:26,DOWN,6.04,WIN,-0.66%,directional|KXSOL15M-26APR110115-15
2026-04-11 05:54:28,DOWN,6.08,PLACED,0.00%,directional|KXSOL15M-26APR110200-00
2026-04-11 06:11:26,DOWN,6.08,WIN,-1.32%,directional|KXSOL15M-26APR110200-00
2026-04-11 06:51:37,UP,19.55,PLACED,0.00%,directional|KXSOL15M-26APR110300-00
2026-04-11 07:08:35,UP,19.55,WIN,12.53%,directional|KXSOL15M-26APR110300-00
2026-04-11 07:17:37,UP,20.11,PLACED,0.00%,directional|KXSOL15M-26APR110330-30
2026-04-11 07:34:34,UP,20.11,WIN,14.37%,directional|KXSOL15M-26APR110330-30
2026-04-11 08:12:37,UP,22.10,PLACED,0.00%,directional|KXSOL15M-26APR110415-15
2026-04-11 08:24:40,UP,20.25,PLACED,0.00%,directional|KXSOL15M-26APR110430-30
2026-04-11 08:29:37,UP,22.10,WIN,-0.45%,directional|KXSOL15M-26APR110415-15
2026-04-11 08:34:42,UP,12.64,PLACED,0.00%,directional|KXSOL15M-26APR110445-45
2026-04-11 08:55:37,DOWN,22.85,PLACED,0.00%,directional|KXSOL15M-26APR110500-00
2026-04-11 09:12:34,DOWN,22.85,WIN,0.66%,directional|KXSOL15M-26APR110500-00
2026-04-11 09:22:37,UP,23.49,PLACED,0.00%,directional|KXSOL15M-26APR110530-30
2026-04-11 09:39:34,UP,23.49,WIN,-2.09%,directional|KXSOL15M-26APR110530-30
2026-04-11 10:20:37,DOWN,16.15,PLACED,0.00%,directional|KXSOL15M-26APR110630-30
2026-04-11 10:39:38,DOWN,18.78,PLACED,0.00%,directional|KXSOL15M-26APR110645-45
2026-04-11 10:56:35,DOWN,18.78,WIN,1.17%,directional|KXSOL15M-26APR110645-45
2026-04-11 11:09:36,UP,15.42,PLACED,0.00%,directional|KXSOL15M-26APR110715-15
2026-04-11 11:26:38,UP,17.49,PLACED,0.00%,directional|KXSOL15M-26APR110730-30
2026-04-11 11:39:37,UP,21.01,PLACED,0.00%,directional|KXSOL15M-26APR110745-45
2026-04-11 11:43:35,UP,17.49,WIN,-2.80%,directional|KXSOL15M-26APR110730-30
2026-04-11 11:55:41,UP,21.01,WIN,14.23%,directional|KXSOL15M-26APR110745-45
2026-04-11 13:26:24,UP,5.38,PLACED,0.00%,directional|KXSOL15M-26APR110930-30
2026-04-11 14:08:31,UP,20.20,PLACED,0.00%,directional|KXSOL15M-26APR111015-15
2026-04-11 14:25:32,UP,15.24,PLACED,0.00%,directional|KXSOL15M-26APR111030-30
2026-04-11 14:25:33,UP,20.20,WIN,-0.99%,directional|KXSOL15M-26APR111015-15
2026-04-11 14:41:35,UP,15.24,WIN,31.23%,directional|KXSOL15M-26APR111030-30
2026-04-11 15:22:16,UP,24.12,PLACED,0.00%,directional|KXSOL15M-26APR111130-30
2026-04-11 15:39:12,UP,24.12,WIN,3.65%,directional|KXSOL15M-26APR111130-30
2026-04-11 16:22:15,DOWN,21.37,PLACED,0.00%,directional|KXSOL15M-26APR111230-30
2026-04-11 16:39:10,DOWN,21.37,WIN,26.35%,directional|KXSOL15M-26APR111230-30
2026-04-11 16:54:36,DOWN,21.67,ATTEMPTING,0.00%,directional|KXSOL15M-26APR111300-00
2026-04-11 16:54:37,DOWN,21.67,PLACED,0.00%,directional|KXSOL15M-26APR111300-00
2026-04-11 17:10:48,DOWN,21.67,WIN,29.21%,directional|KXSOL15M-26APR111300-00
2026-04-11 17:23:41,DOWN,7.82,ATTEMPTING,0.00%,directional|KXSOL15M-26APR111330-30
2026-04-11 17:56:57,DOWN,11.50,ATTEMPTING,0.00%,directional|KXSOL15M-26APR111400-00
2026-04-11 18:08:37,DOWN,9.91,ATTEMPTING,0.00%,directional|KXSOL15M-26APR111415-15
2026-04-11 18:11:36,DOWN,11.48,ATTEMPTING,0.00%,directional|KXSOL15M-26APR111415-15
2026-04-11 18:24:38,UP,7.98,ATTEMPTING,0.00%,directional|KXSOL15M-26APR111430-30
2026-04-11 18:34:40,UP,8.03,ATTEMPTING,0.00%,directional|KXSOL15M-26APR111445-45
2026-04-11 19:06:38,UP,28.46,ATTEMPTING,0.00%,directional|KXSOL15M-26APR111515-15
2026-04-11 19:06:39,UP,28.46,PLACED,0.00%,directional|KXSOL15M-26APR111515-15
2026-04-11 19:17:38,UP,21.48,ATTEMPTING,0.00%,directional|KXSOL15M-26APR111530-30
2026-04-11 19:23:37,UP,28.46,WIN,5.41%,directional|KXSOL15M-26APR111515-15
2026-04-11 19:31:48,UP,22.84,ATTEMPTING,0.00%,directional|KXSOL15M-26APR111545-45
2026-04-11 19:48:18,DOWN,12.80,ATTEMPTING,0.00%,directional|KXSOL15M-26APR111600-00
2026-04-11 19:54:20,DOWN,19.91,ATTEMPTING,0.00%,directional|KXSOL15M-26APR111600-00
2026-04-11 20:23:21,DOWN,8.86,ATTEMPTING,0.00%,directional|KXSOL15M-26APR111630-30
2026-04-11 20:26:21,DOWN,7.41,ATTEMPTING,0.00%,directional|KXSOL15M-26APR111630-30
2026-04-11 20:34:26,DOWN,9.37,ATTEMPTING,0.00%,directional|KXSOL15M-26APR111645-45
2026-04-11 20:39:24,DOWN,7.89,ATTEMPTING,0.00%,directional|KXSOL15M-26APR111645-45
2026-04-11 20:50:21,UP,7.80,ATTEMPTING,0.00%,directional|KXSOL15M-26APR111700-00
2026-04-11 20:56:19,UP,8.03,ATTEMPTING,0.00%,directional|KXSOL15M-26APR111700-00
2026-04-11 20:56:20,UP,8.03,PLACED,0.00%,directional|KXSOL15M-26APR111700-00
2026-04-11 21:03:18,DOWN,14.11,ATTEMPTING,0.00%,directional|KXSOL15M-26APR111715-15
2026-04-11 21:03:19,DOWN,14.11,PLACED,0.00%,directional|KXSOL15M-26APR111715-15
2026-04-11 21:08:20,UP,12.76,ATTEMPTING,0.00%,directional|KXSOL15M-26APR111715-15
2026-04-11 21:12:23,UP,20.29,ATTEMPTING,0.00%,directional|KXSOL15M-26APR111715-15
2026-04-11 21:12:25,UP,8.03,WIN,-0.37%,directional|KXSOL15M-26APR111700-00
2026-04-11 21:24:51,DOWN,18.91,ATTEMPTING,0.00%,directional|KXSOL15M-26APR111730-30
2026-04-11 21:27:51,DOWN,27.00,ATTEMPTING,0.00%,directional|KXSOL15M-26APR111730-30
2026-04-11 21:48:28,UP,7.02,ATTEMPTING,0.00%,directional|KXSOL15M-26APR111800-00
2026-04-11 21:51:30,UP,9.85,ATTEMPTING,0.00%,directional|KXSOL15M-26APR111800-00
2026-04-11 21:51:30,UP,9.85,PLACED,0.00%,directional|KXSOL15M-26APR111800-00
2026-04-11 22:06:29,UP,6.01,ATTEMPTING,0.00%,directional|KXSOL15M-26APR111815-15
2026-04-11 22:06:30,UP,6.01,PLACED,0.00%,directional|KXSOL15M-26APR111815-15
2026-04-11 22:08:29,UP,9.85,WIN,21.83%,directional|KXSOL15M-26APR111800-00
2026-04-11 22:16:29,UP,5.43,ATTEMPTING,0.00%,directional|KXSOL15M-26APR111830-30
2026-04-11 22:16:30,UP,5.43,PLACED,0.00%,directional|KXSOL15M-26APR111830-30
2026-04-11 22:23:29,UP,6.01,WIN,-0.17%,directional|KXSOL15M-26APR111815-15
2026-04-11 22:33:29,UP,5.43,WIN,-7.92%,directional|KXSOL15M-26APR111830-30
2026-04-11 22:34:28,DOWN,9.42,ATTEMPTING,0.00%,directional|KXSOL15M-26APR111845-45
2026-04-11 22:37:28,DOWN,8.95,ATTEMPTING,0.00%,directional|KXSOL15M-26APR111845-45
2026-04-11 22:40:29,DOWN,7.96,ATTEMPTING,0.00%,directional|KXSOL15M-26APR111845-45
2026-04-11 22:57:04,UP,6.14,ATTEMPTING,0.00%,directional|KXSOL15M-26APR111900-00
2026-04-11 23:04:06,DOWN,6.54,ATTEMPTING,0.00%,directional|KXSOL15M-26APR111915-15
2026-04-11 23:09:07,DOWN,10.29,ATTEMPTING,0.00%,directional|KXSOL15M-26APR111915-15
2026-04-11 23:26:42,UP,6.35,ATTEMPTING,0.00%,directional|KXSOL15M-26APR111930-30
2026-04-12 00:21:41,UP,6.85,ATTEMPTING,0.00%,directional|KXSOL15M-26APR112030-30
2026-04-12 00:25:40,UP,7.50,ATTEMPTING,0.00%,directional|KXSOL15M-26APR112030-30
2026-04-12 01:12:14,UP,6.67,ATTEMPTING,0.00%,directional|KXSOL15M-26APR112115-15
2026-04-12 01:12:14,UP,6.67,PLACED,0.00%,directional|KXSOL15M-26APR112115-15
2026-04-12 01:40:45,DOWN,8.64,ATTEMPTING,0.00%,directional|KXSOL15M-26APR112145-45
2026-04-12 01:49:45,DOWN,7.20,ATTEMPTING,0.00%,directional|KXSOL15M-26APR112200-00
2026-04-12 01:49:46,DOWN,7.20,PLACED,0.00%,directional|KXSOL15M-26APR112200-00
2026-04-12 02:41:24,DOWN,6.21,ATTEMPTING,0.00%,directional|KXSOL15M-26APR112245-45
2026-04-12 02:41:25,DOWN,6.21,PLACED,0.00%,directional|KXSOL15M-26APR112245-45
2026-04-12 02:58:24,DOWN,6.21,WIN,12.72%,directional|KXSOL15M-26APR112245-45
2026-04-12 03:12:25,DOWN,7.50,ATTEMPTING,0.00%,directional|KXSOL15M-26APR112315-15
2026-04-12 03:12:25,DOWN,7.50,PLACED,0.00%,directional|KXSOL15M-26APR112315-15
2026-04-12 03:29:23,DOWN,7.50,WIN,-6.67%,directional|KXSOL15M-26APR112315-15
2026-04-12 03:57:09,DOWN,6.60,ATTEMPTING,0.00%,directional|KXSOL15M-26APR120000-00
2026-04-12 05:09:14,UP,6.70,ATTEMPTING,0.00%,directional|KXSOL15M-26APR120115-15
2026-04-12 05:09:15,UP,6.44,PLACED,0.00%,directional|KXSOL15M-26APR120115-15
2026-04-12 05:23:11,UP,6.50,ATTEMPTING,0.00%,directional|KXSOL15M-26APR120130-30
2026-04-12 05:23:11,UP,5.64,PLACED,0.00%,directional|KXSOL15M-26APR120130-30
2026-04-12 05:38:46,DOWN,7.94,ATTEMPTING,0.00%,directional|KXSOL15M-26APR120145-45
2026-04-12 05:38:46,DOWN,26.70,PLACED,0.00%,directional|KXSOL15M-26APR120145-45
2026-04-12 05:39:20,UP,5.64,WIN,6.38%,directional|KXSOL15M-26APR120130-30
2026-04-12 05:54:42,UNKNOWN,29.40,LOSS,0.00%,restored|KXSOL15M-26APR120145-45
2026-04-12 05:55:12,UP,5.81,ATTEMPTING,0.00%,directional|KXSOL15M-26APR120200-00
2026-04-12 05:55:13,UP,5.75,PLACED,0.00%,directional|KXSOL15M-26APR120200-00
2026-04-12 06:06:37,UP,8.83,ATTEMPTING,0.00%,directional|KXSOL15M-26APR120215-15
2026-04-12 06:06:38,UP,8.36,PLACED,0.00%,directional|KXSOL15M-26APR120215-15
2026-04-12 06:11:27,UP,5.75,WIN,-13.04%,directional|KXSOL15M-26APR120200-00
2026-04-12 06:17:00,DOWN,11.88,ATTEMPTING,0.00%,directional|KXSOL15M-26APR120230-30
2026-04-12 06:25:07,DOWN,13.45,ATTEMPTING,0.00%,directional|KXSOL15M-26APR120230-30
2026-04-12 06:39:00,DOWN,14.26,ATTEMPTING,0.00%,directional|KXSOL15M-26APR120245-45
2026-04-12 07:10:00,UP,10.69,ATTEMPTING,0.00%,directional|KXSOL15M-26APR120315-15
2026-04-12 07:10:01,UP,10.33,PLACED,0.00%,directional|KXSOL15M-26APR120315-15
2026-04-12 07:26:20,UP,10.33,WIN,6.49%,directional|KXSOL15M-26APR120315-15
2026-04-12 07:39:38,UP,11.88,ATTEMPTING,0.00%,directional|KXSOL15M-26APR120345-45
2026-04-12 07:39:39,UP,11.52,PLACED,0.00%,directional|KXSOL15M-26APR120345-45
2026-04-12 07:49:03,DOWN,14.26,ATTEMPTING,0.00%,directional|KXSOL15M-26APR120400-00
2026-04-12 07:54:14,DOWN,11.88,ATTEMPTING,0.00%,directional|KXSOL15M-26APR120400-00
2026-04-12 07:54:14,DOWN,26.10,PLACED,0.00%,directional|KXSOL15M-26APR120400-00
2026-04-12 07:55:43,UP,11.52,WIN,4.17%,directional|KXSOL15M-26APR120345-45
2026-04-12 08:08:48,DOWN,13.03,ATTEMPTING,0.00%,directional|KXSOL15M-26APR120415-15
2026-04-12 08:10:19,DOWN,26.10,WIN,14.94%,directional|KXSOL15M-26APR120400-00
2026-04-12 08:21:57,DOWN,8.49,ATTEMPTING,0.00%,directional|KXSOL15M-26APR120430-30
2026-04-12 08:21:58,DOWN,22.50,PLACED,0.00%,directional|KXSOL15M-26APR120430-30
2026-04-12 08:55:01,DOWN,10.69,ATTEMPTING,0.00%,directional|KXSOL15M-26APR120500-00
2026-04-12 08:55:02,DOWN,27.12,PLACED,0.00%,directional|KXSOL15M-26APR120500-00
2026-04-12 08:57:05,DOWN,14.26,ATTEMPTING,0.00%,directional|KXSOL15M-26APR120500-00
2026-04-12 09:42:12,UP,11.88,ATTEMPTING,0.00%,directional|KXSOL15M-26APR120545-45
2026-04-12 09:42:13,UP,11.52,PLACED,0.00%,directional|KXSOL15M-26APR120545-45
2026-04-12 10:10:14,UP,11.88,ATTEMPTING,0.00%,directional|KXSOL15M-26APR120615-15
2026-04-12 10:10:15,UP,11.12,PLACED,0.00%,directional|KXSOL15M-26APR120615-15
2026-04-12 10:19:17,UP,8.83,ATTEMPTING,0.00%,directional|KXSOL15M-26APR120630-30
2026-04-12 10:19:17,UP,8.36,PLACED,0.00%,directional|KXSOL15M-26APR120630-30
2026-04-12 10:35:21,UP,8.36,WIN,31.58%,directional|KXSOL15M-26APR120630-30
2026-04-12 10:37:55,DOWN,12.62,ATTEMPTING,0.00%,directional|KXSOL15M-26APR120645-45
2026-04-12 10:42:58,DOWN,14.85,ATTEMPTING,0.00%,directional|KXSOL15M-26APR120645-45
2026-04-12 10:42:58,DOWN,29.07,PLACED,0.00%,directional|KXSOL15M-26APR120645-45
2026-04-12 10:55:28,DOWN,17.82,ATTEMPTING,0.00%,directional|KXSOL15M-26APR120700-00
2026-04-12 10:59:01,DOWN,29.07,WIN,3.20%,directional|KXSOL15M-26APR120645-45
2026-04-12 11:09:32,UP,11.88,ATTEMPTING,0.00%,directional|KXSOL15M-26APR120715-15
2026-04-12 11:09:33,UP,11.05,PLACED,0.00%,directional|KXSOL15M-26APR120715-15
2026-04-12 11:12:37,UP,8.49,ATTEMPTING,0.00%,directional|KXSOL15M-26APR120715-15
2026-04-12 11:32:37,UP,7.47,ATTEMPTING,0.00%,directional|KXSOL15M-26APR120745-45
2026-04-12 11:32:37,UP,7.20,PLACED,0.00%,directional|KXSOL15M-26APR120745-45
2026-04-12 12:34:09,DOWN,5.33,ATTEMPTING,0.00%,directional|KXSOL15M-26APR120845-45
2026-04-12 12:37:05,DOWN,5.52,ATTEMPTING,0.00%,directional|KXSOL15M-26APR120845-45
2026-04-12 12:37:06,DOWN,20.54,PLACED,0.00%,directional|KXSOL15M-26APR120845-45
