2026-03-08 13:51,DOWN,45.47221640142038,
2026-03-08 13:52,DOWN,51.65957727814514,
2026-03-08 13:54,DOWN,50.888826897650944,
2026-03-08 13:55,DOWN,51.06621528872059,
2026-03-08 13:57,DOWN,43.9447708296164,
2026-03-08 13:58,DOWN,42.74728054684556,
2026-03-08 14:00,DOWN,42.821946226758044,
2026-03-08 14:01,DOWN,43.390088438190624,
2026-03-08 14:03,DOWN,44.565136953487254,
2026-03-08 14:04,DOWN,45.64101364346421,
2026-03-08 14:06,DOWN,43.93100377806094,
2026-03-08 14:07,DOWN,40.24030467392859,
2026-03-08 14:09,DOWN,41.69755723921513,
2026-03-08 14:10,DOWN,43.08665939151372,
2026-03-08 14:12,DOWN,45.993145637415125,
2026-03-08 14:13,DOWN,46.03201713877472,
2026-03-08 14:15,DOWN,45.85054838399356,
2026-03-08 14:16,DOWN,45.7500346465145,
2026-03-08 14:18,DOWN,43.53904669556334,
2026-03-08 14:19,DOWN,44.949072054931904,
2026-03-08 14:21,DOWN,44.154630453627355,
2026-03-08 14:22,DOWN,44.79263972335747,
2026-03-08 14:24,DOWN,98.35652248860374,
2026-03-08 14:25,DOWN,47.37768674285333,
2026-03-08 14:27,DOWN,98.50208492636038,
2026-03-08 14:28,DOWN,49.409548954631155,
2026-03-08 14:30,DOWN,51.344061992530996,
2026-03-08 14:31,DOWN,51.41105911709012,
2026-03-08 14:33,DOWN,50.55524288457416,
2026-03-08 14:34,DOWN,100.23628648955706,
2026-03-08 14:36,DOWN,50.892728242629516,
2026-03-08 14:37,DOWN,51.450853118280484,
2026-03-08 14:39,DOWN,52.76880374444947,
2026-03-08 14:40,DOWN,51.984420819711566,
2026-03-08 14:42,DOWN,53.08741920835956,
2026-03-08 14:43,DOWN,60.745767496469014,
2026-03-08 14:45,DOWN,61.69468732569557,
2026-03-08 14:46,DOWN,62.27506131363194,
2026-03-08 14:48,DOWN,61.489315692209985,
2026-03-08 14:49,DOWN,60.235525597727694,
2026-03-08 14:51,DOWN,60.12778661077723,
2026-03-08 14:52,DOWN,59.66788741049596,
2026-03-08 14:54,DOWN,51.90755233616315,
2026-03-08 14:55,DOWN,50.77410299144627,
2026-03-08 14:57,DOWN,50.816464044746766,
2026-03-08 14:58,DOWN,51.2006441022927,
2026-03-08 15:00,DOWN,50.84154210618349,
2026-03-08 15:02,DOWN,49.98678856074389,
2026-03-08 15:03,DOWN,49.52301540784133,
2026-03-08 15:05,DOWN,49.99272644915147,
2026-03-08 15:06,DOWN,51.7589876388183,
2026-03-08 15:08,DOWN,52.692792938108134,
2026-03-08 15:09,DOWN,46.33125377476156,
2026-03-08 15:11,DOWN,44.00111134760709,
2026-03-08 15:12,DOWN,43.248852860004185,
2026-03-08 15:14,DOWN,45.473147809018116,
2026-03-08 15:15,DOWN,45.89263497015318,
2026-03-08 15:17,DOWN,46.02073157993228,
2026-03-08 15:18,DOWN,46.3398742609791,
2026-03-08 15:20,DOWN,50.878740898461984,
2026-03-08 15:21,DOWN,51.460768990004546,
2026-03-08 15:23,DOWN,54.58358340143463,
2026-03-08 15:24,DOWN,56.248107085939964,
2026-03-08 15:26,DOWN,53.88027027289809,
2026-03-08 15:27,DOWN,54.06181772373659,
2026-03-08 15:29,DOWN,54.36142593423003,
2026-03-08 15:30,DOWN,55.07629584377921,
2026-03-08 15:32,DOWN,56.712947407881266,
2026-03-08 15:33,DOWN,58.38401887735069,
2026-03-08 15:35,DOWN,57.21776768514839,
2026-03-08 15:36,DOWN,59.21717872520402,
2026-03-08 15:38,DOWN,59.59706775726345,
2026-03-08 15:39,DOWN,57.39269661484328,
2026-03-08 15:41,DOWN,57.006139374924146,
2026-03-08 15:42,DOWN,56.59107002672205,
2026-03-08 15:44,DOWN,55.8901659429674,
2026-03-08 15:45,DOWN,55.34167714577854,
2026-03-08 15:47,DOWN,56.427002041497644,
2026-03-08 15:48,DOWN,51.68659427350063,
2026-03-08 15:50,DOWN,52.02177286596878,
2026-03-08 15:51,DOWN,51.06440129699451,
2026-03-08 15:53,DOWN,51.58453600323146,
2026-03-08 15:54,DOWN,51.96762312092141,
2026-03-08 15:56,DOWN,52.78394061579069,
2026-03-08 15:57,DOWN,52.65274906064983,
2026-03-08 15:59,DOWN,51.020913685493014,
2026-03-08 16:00,DOWN,51.25876832550284,
2026-03-08 16:02,DOWN,51.257560316655045,
2026-03-08 16:03,DOWN,50.97812946359196,
2026-03-08 16:05,DOWN,50.28175538833167,
2026-03-08 16:06,DOWN,50.01608962709284,
2026-03-08 16:25,UP,48.12232659621647,
2026-03-08 16:26,DOWN,20,
2026-03-08 16:28,DOWN,20,
2026-03-08 16:29,DOWN,20,
2026-03-08 16:31,DOWN,20,
2026-03-08 16:32,DOWN,20,
2026-03-08 16:34,DOWN,20,
2026-03-08 16:35,DOWN,20,
2026-03-08 16:37,UP,43.50435217483265,
2026-03-08 16:38,UP,43.42041263651007,
2026-03-08 16:41,UP,43.32244509927499,
2026-03-08 16:42,UP,44.76991516602748,
2026-03-08 16:44,DOWN,20,
2026-03-08 16:45,DOWN,20,
2026-03-08 16:47,DOWN,20,
2026-03-08 16:48,DOWN,20,
2026-03-08 16:50,DOWN,20,
2026-03-08 16:51,DOWN,20,
2026-03-08 16:53,DOWN,20,
2026-03-08 16:54,DOWN,20,
2026-03-08 16:57,DOWN,20,
2026-03-08 17:00,UP,47.466782718088005,
2026-03-08 17:02,UP,47.42243273211268,
2026-03-08 17:55,UP,53.971587500788154,
2026-03-08 17:57,DOWN,40.56914534661036,
2026-03-08 17:58,UP,128.865,
2026-03-08 18:00,UP,23.689438296545458,
2026-03-08 18:01,DOWN,66.44364914693053,
2026-03-08 18:03,UP,128.865,
2026-03-08 18:04,UP,128.865,
2026-03-08 18:06,UP,110.69272614293659,
2026-03-08 18:09,DOWN,79.27843219708484,
2026-03-08 18:10,DOWN,123.0077395810403,
2026-03-08 18:12,DOWN,128.865,
2026-03-08 18:13,UP,128.865,
2026-03-08 18:15,DOWN,128.865,
2026-03-08 18:16,UP,128.865,
2026-03-08 18:18,UP,125.35955689065574,
2026-03-08 18:19,UP,45.76798318173334,
2026-03-08 18:21,UP,42.77282276730662,
2026-03-08 18:37,DOWN,20,
2026-03-08 18:39,DOWN,20,
2026-03-08 18:40,DOWN,20,
2026-03-08 18:42,DOWN,20,
2026-03-08 18:46,DOWN,20,
2026-03-08 18:47,UP,46.6231624892742,
2026-03-08 18:49,DOWN,20,
2026-03-08 18:50,DOWN,20,
2026-03-08 18:52,UP,46.708113982632824,
2026-03-08 18:54,DOWN,20,
2026-03-08 18:55,DOWN,20,
2026-03-08 18:57,DOWN,20,
2026-03-08 18:58,DOWN,20,
2026-03-08 19:00,DOWN,20,
2026-03-08 19:01,UP,46.43387631964296,
2026-03-08 19:03,DOWN,20,
2026-03-08 19:04,DOWN,20,
2026-03-08 19:07,UP,20,
2026-03-08 19:10,UP,20,
2026-03-08 19:12,UP,20,
2026-03-08 19:13,UP,20,
2026-03-08 19:15,UP,20,
2026-03-08 19:16,UP,20,
