2026-03-21 18:48:38,UP,10,PLACED,0.00%
2026-03-21 18:53:12,UP,10,PLACED,0.00%
2026-03-21 18:57:47,UP,10,PLACED,0.00%
2026-03-21 18:59:18,UP,10,PLACED,0.00%
2026-03-21 20:14:26,UP,1.20,PLACED,0.00%
2026-03-21 20:15:57,UP,1.20,PLACED,0.00%
2026-03-21 20:31:49,DOWN,1.23,PLACED,0.00%
2026-03-21 21:23:02,UP,1.23,PLACED,0.00%
2026-03-21 21:47:08,UP,1.15,PLACED,0.00%
2026-03-21 22:29:19,UP,1.07,PLACED,0.00%
2026-03-21 22:30:50,UP,1.08,PLACED,0.00%
2026-03-21 22:56:28,UP,1.17,PLACED,0.00%
2026-03-21 23:04:01,UP,1.07,PLACED,0.00%
2026-03-21 23:16:05,UP,1.00,PLACED,0.00%
2026-03-21 23:32:40,UP,1.00,PLACED,0.00%
2026-03-21 23:47:44,UP,0.71,PLACED,0.00%
2026-03-22 00:16:21,DOWN,0.95,PLACED,0.00%
2026-03-22 00:34:26,DOWN,0.88,PLACED,0.00%
2026-03-22 00:54:02,UP,0.83,PLACED,0.00%
2026-03-22 01:06:06,DOWN,0.96,PLACED,0.00%
2026-03-22 01:21:10,DOWN,0.88,PLACED,0.00%
2026-03-22 01:37:45,UP,0.85,PLACED,0.00%
2026-03-22 01:51:19,DOWN,0.99,PLACED,0.00%
2026-03-22 02:01:52,DOWN,0.96,PLACED,0.00%
2026-03-22 02:24:29,DOWN,0.99,PLACED,0.00%
2026-03-22 02:30:31,DOWN,0.72,PLACED,0.00%
2026-03-22 02:56:09,DOWN,0.85,PLACED,0.00%
2026-03-22 03:03:41,UP,0.85,PLACED,0.00%
2026-03-22 16:53:27,UP,1.75,DRY_DIRECTIONAL,0.00%,KXBTC15M-26MAR221300-00
2026-03-22 16:54:27,UP,1.75,DRY_DIRECTIONAL,0.00%,KXBTC15M-26MAR221300-00
2026-03-22 16:55:28,UP,1.75,DRY_DIRECTIONAL,0.00%,KXBTC15M-26MAR221300-00
2026-03-22 16:56:28,UP,1.75,DRY_DIRECTIONAL,0.00%,KXBTC15M-26MAR221300-00
2026-03-22 16:57:28,UP,1.75,DRY_DIRECTIONAL,0.00%,KXBTC15M-26MAR221300-00
2026-03-22 16:58:29,UP,1.75,DRY_DIRECTIONAL,0.00%,KXBTC15M-26MAR221300-00
2026-03-22 16:59:29,UP,1.75,DRY_DIRECTIONAL,0.00%,KXBTC15M-26MAR221300-00
2026-03-22 17:01:30,DOWN,1.45,DRY_DIRECTIONAL,0.00%,KXBTC15M-26MAR221315-15
2026-03-22 17:05:31,DOWN,0.80,DRY_DIRECTIONAL,0.00%,KXBTC15M-26MAR221315-15
2026-03-22 17:10:33,UP,0.95,DRY_DIRECTIONAL,0.00%,KXBTC15M-26MAR221315-15
2026-03-22 17:12:34,UP,1.25,DRY_DIRECTIONAL,0.00%,KXBTC15M-26MAR221315-15
2026-03-22 17:13:34,UP,1.75,DRY_DIRECTIONAL,0.00%,KXBTC15M-26MAR221315-15
2026-03-22 17:14:35,UP,1.75,DRY_DIRECTIONAL,0.00%,KXBTC15M-26MAR221315-15
2026-03-22 17:18:36,DOWN,0.80,DRY_DIRECTIONAL,0.00%,KXBTC15M-26MAR221330-30
2026-03-22 17:19:36,DOWN,0.85,DRY_DIRECTIONAL,0.00%,KXBTC15M-26MAR221330-30
2026-03-22 17:25:39,DOWN,1.75,DRY_DIRECTIONAL,0.00%,KXBTC15M-26MAR221330-30
2026-03-22 17:26:39,DOWN,1.55,DRY_DIRECTIONAL,0.00%,KXBTC15M-26MAR221330-30
2026-03-22 17:28:40,UP,0.95,DRY_DIRECTIONAL,0.00%,KXBTC15M-26MAR221330-30
2026-03-22 17:29:40,DOWN,1.75,DRY_DIRECTIONAL,0.00%,KXBTC15M-26MAR221330-30
2026-03-22 17:36:43,DOWN,1.75,DRY_DIRECTIONAL,0.00%,KXBTC15M-26MAR221345-45
2026-03-22 17:37:05,DOWN,1.65,DRY_DIRECTIONAL,0.00%,KXBTC15M-26MAR221345-45
2026-03-22 17:38:05,DOWN,1.75,DRY_DIRECTIONAL,0.00%,KXBTC15M-26MAR221345-45
2026-03-22 17:39:05,DOWN,1.75,DRY_DIRECTIONAL,0.00%,KXBTC15M-26MAR221345-45
2026-03-22 17:40:06,DOWN,1.75,DRY_DIRECTIONAL,0.00%,KXBTC15M-26MAR221345-45
2026-03-22 17:41:06,DOWN,1.75,DRY_DIRECTIONAL,0.00%,KXBTC15M-26MAR221345-45
2026-03-22 17:42:07,DOWN,1.75,DRY_DIRECTIONAL,0.00%,KXBTC15M-26MAR221345-45
2026-03-22 17:43:51,DOWN,1.75,DRY_DIRECTIONAL,0.00%,KXBTC15M-26MAR221345-45
2026-03-22 17:44:51,DOWN,1.75,DRY_DIRECTIONAL,0.00%,KXBTC15M-26MAR221345-45
2026-03-22 17:56:46,UP,1.60,PLACED,0.00%,directional|KXBTC15M-26MAR221400-00
2026-03-22 18:02:50,DOWN,1.55,PLACED,0.00%,directional|KXBTC15M-26MAR221415-15
2026-03-22 18:14:56,UP,1.75,PLACED,0.00%,directional|KXBTC15M-26MAR221415-15
2026-03-22 18:23:00,DOWN,1.40,PLACED,0.00%,directional|KXBTC15M-26MAR221430-30
2026-03-22 19:06:43,DOWN,1.55,PLACED,0.00%,directional|KXBTC15M-26MAR221515-15
2026-03-22 19:33:17,DOWN,1.40,PLACED,0.00%,directional|KXBTC15M-26MAR221545-45
2026-03-22 19:34:46,DOWN,1.50,PLACED,0.00%,directional|KXBTC15M-26MAR221545-45
2026-03-22 19:49:32,DOWN,1.75,DRY_DIRECTIONAL,0.00%,KXBTC15M-26MAR221600-00
2026-03-22 19:51:33,DOWN,1.75,DRY_DIRECTIONAL,0.00%,KXBTC15M-26MAR221600-00
2026-03-22 19:53:34,DOWN,1.75,DRY_DIRECTIONAL,0.00%,KXBTC15M-26MAR221600-00
2026-03-22 19:55:34,DOWN,1.75,DRY_DIRECTIONAL,0.00%,KXBTC15M-26MAR221600-00
2026-03-22 19:57:35,DOWN,1.75,DRY_DIRECTIONAL,0.00%,KXBTC15M-26MAR221600-00
2026-03-22 19:59:36,DOWN,1.75,DRY_DIRECTIONAL,0.00%,KXBTC15M-26MAR221600-00
2026-03-22 20:01:36,UP,1.50,DRY_DIRECTIONAL,0.00%,KXBTC15M-26MAR221615-15
2026-03-22 20:03:37,UP,1.75,DRY_DIRECTIONAL,0.00%,KXBTC15M-26MAR221615-15
2026-03-22 20:05:38,UP,1.75,DRY_DIRECTIONAL,0.00%,KXBTC15M-26MAR221615-15
2026-03-22 20:07:39,UP,1.75,DRY_DIRECTIONAL,0.00%,KXBTC15M-26MAR221615-15
2026-03-22 20:09:39,UP,1.75,DRY_DIRECTIONAL,0.00%,KXBTC15M-26MAR221615-15
2026-03-22 20:11:40,UP,1.75,DRY_DIRECTIONAL,0.00%,KXBTC15M-26MAR221615-15
2026-03-22 20:13:41,UP,1.75,DRY_DIRECTIONAL,0.00%,KXBTC15M-26MAR221615-15
2026-03-22 20:19:43,UP,1.25,DRY_DIRECTIONAL,0.00%,KXBTC15M-26MAR221630-30
2026-03-22 20:21:44,UP,1.75,DRY_DIRECTIONAL,0.00%,KXBTC15M-26MAR221630-30
2026-03-22 20:23:44,UP,1.75,DRY_DIRECTIONAL,0.00%,KXBTC15M-26MAR221630-30
2026-03-22 20:25:45,UP,1.00,DRY_DIRECTIONAL,0.00%,KXBTC15M-26MAR221630-30
2026-03-22 20:27:46,DOWN,1.75,DRY_DIRECTIONAL,0.00%,KXBTC15M-26MAR221630-30
2026-03-22 20:29:46,DOWN,1.75,DRY_DIRECTIONAL,0.00%,KXBTC15M-26MAR221630-30
2026-03-22 20:37:49,DOWN,1.05,DRY_DIRECTIONAL,0.00%,KXBTC15M-26MAR221645-45
2026-03-22 20:39:50,DOWN,1.45,DRY_DIRECTIONAL,0.00%,KXBTC15M-26MAR221645-45
2026-03-22 20:43:52,UP,1.75,DRY_DIRECTIONAL,0.00%,KXBTC15M-26MAR221645-45
2026-03-22 20:50:54,DOWN,1.30,DRY_DIRECTIONAL,0.00%,KXBTC15M-26MAR221700-00
2026-03-22 20:52:55,DOWN,1.75,DRY_DIRECTIONAL,0.00%,KXBTC15M-26MAR221700-00
2026-03-22 20:54:56,DOWN,1.75,DRY_DIRECTIONAL,0.00%,KXBTC15M-26MAR221700-00
2026-03-22 20:56:57,DOWN,1.75,DRY_DIRECTIONAL,0.00%,KXBTC15M-26MAR221700-00
2026-03-22 20:58:58,DOWN,1.75,DRY_DIRECTIONAL,0.00%,KXBTC15M-26MAR221700-00
2026-03-22 21:06:00,DOWN,1.50,DRY_DIRECTIONAL,0.00%,KXBTC15M-26MAR221715-15
2026-03-22 21:08:01,DOWN,1.75,DRY_DIRECTIONAL,0.00%,KXBTC15M-26MAR221715-15
2026-03-22 21:10:02,DOWN,1.75,DRY_DIRECTIONAL,0.00%,KXBTC15M-26MAR221715-15
2026-03-22 21:12:03,DOWN,1.75,DRY_DIRECTIONAL,0.00%,KXBTC15M-26MAR221715-15
2026-03-22 21:14:04,DOWN,1.75,DRY_DIRECTIONAL,0.00%,KXBTC15M-26MAR221715-15
2026-03-22 21:21:07,DOWN,1.50,DRY_DIRECTIONAL,0.00%,KXBTC15M-26MAR221730-30
2026-03-22 21:23:07,DOWN,1.75,DRY_DIRECTIONAL,0.00%,KXBTC15M-26MAR221730-30
2026-03-22 21:25:08,DOWN,1.70,DRY_DIRECTIONAL,0.00%,KXBTC15M-26MAR221730-30
2026-03-22 21:30:10,UP,1.75,DRY_DIRECTIONAL,0.00%,KXBTC15M-26MAR221730-30
2026-03-22 21:35:12,DOWN,1.50,DRY_DIRECTIONAL,0.00%,KXBTC15M-26MAR221745-45
2026-03-22 21:37:13,DOWN,1.15,DRY_DIRECTIONAL,0.00%,KXBTC15M-26MAR221745-45
2026-03-22 21:39:14,UP,1.15,DRY_DIRECTIONAL,0.00%,KXBTC15M-26MAR221745-45
2026-03-22 21:41:14,UP,1.75,DRY_DIRECTIONAL,0.00%,KXBTC15M-26MAR221745-45
2026-03-22 21:43:15,UP,1.75,DRY_DIRECTIONAL,0.00%,KXBTC15M-26MAR221745-45
2026-03-22 21:56:20,DOWN,1.75,DRY_DIRECTIONAL,0.00%,KXBTC15M-26MAR221800-00
2026-03-22 21:58:21,DOWN,1.75,DRY_DIRECTIONAL,0.00%,KXBTC15M-26MAR221800-00
2026-03-22 22:02:22,DOWN,1.45,DRY_DIRECTIONAL,0.00%,KXBTC15M-26MAR221815-15
2026-03-22 22:08:25,UP,1.50,DRY_DIRECTIONAL,0.00%,KXBTC15M-26MAR221815-15
2026-03-22 22:10:25,UP,1.75,DRY_DIRECTIONAL,0.00%,KXBTC15M-26MAR221815-15
2026-03-22 22:14:27,UP,1.75,DRY_DIRECTIONAL,0.00%,KXBTC15M-26MAR221815-15
2026-03-22 22:18:28,UP,1.10,DRY_DIRECTIONAL,0.00%,KXBTC15M-26MAR221830-30
2026-03-22 22:23:30,UP,1.75,DRY_DIRECTIONAL,0.00%,KXBTC15M-26MAR221830-30
2026-03-22 22:25:31,UP,1.75,DRY_DIRECTIONAL,0.00%,KXBTC15M-26MAR221830-30
2026-03-22 22:27:32,UP,1.75,DRY_DIRECTIONAL,0.00%,KXBTC15M-26MAR221830-30
2026-03-22 22:29:32,UP,1.75,DRY_DIRECTIONAL,0.00%,KXBTC15M-26MAR221830-30
2026-03-22 22:37:35,DOWN,1.05,DRY_DIRECTIONAL,0.00%,KXBTC15M-26MAR221845-45
2026-03-22 22:41:37,DOWN,1.60,DRY_DIRECTIONAL,0.00%,KXBTC15M-26MAR221845-45
2026-03-22 22:43:37,DOWN,1.75,DRY_DIRECTIONAL,0.00%,KXBTC15M-26MAR221845-45
2026-03-22 22:48:39,UP,1.00,DRY_DIRECTIONAL,0.00%,KXBTC15M-26MAR221900-00
2026-03-22 22:50:40,UP,1.75,DRY_DIRECTIONAL,0.00%,KXBTC15M-26MAR221900-00
2026-03-22 22:52:41,UP,1.75,DRY_DIRECTIONAL,0.00%,KXBTC15M-26MAR221900-00
2026-03-22 22:54:41,UP,1.75,DRY_DIRECTIONAL,0.00%,KXBTC15M-26MAR221900-00
2026-03-22 22:56:42,UP,1.75,DRY_DIRECTIONAL,0.00%,KXBTC15M-26MAR221900-00
2026-03-22 22:58:43,UP,1.75,DRY_DIRECTIONAL,0.00%,KXBTC15M-26MAR221900-00
2026-03-22 23:08:47,DOWN,1.75,DRY_DIRECTIONAL,0.00%,KXBTC15M-26MAR221915-15
2026-03-22 23:13:49,UP,1.75,DRY_DIRECTIONAL,0.00%,KXBTC15M-26MAR221915-15
2026-03-22 23:19:51,DOWN,1.70,DRY_DIRECTIONAL,0.00%,KXBTC15M-26MAR221930-30
2026-03-22 23:21:52,DOWN,1.75,DRY_DIRECTIONAL,0.00%,KXBTC15M-26MAR221930-30
2026-03-22 23:23:53,DOWN,1.75,DRY_DIRECTIONAL,0.00%,KXBTC15M-26MAR221930-30
2026-03-22 23:25:53,DOWN,1.75,DRY_DIRECTIONAL,0.00%,KXBTC15M-26MAR221930-30
2026-03-22 23:27:54,DOWN,1.75,DRY_DIRECTIONAL,0.00%,KXBTC15M-26MAR221930-30
2026-03-22 23:29:55,DOWN,1.75,DRY_DIRECTIONAL,0.00%,KXBTC15M-26MAR221930-30
2026-03-22 23:34:56,DOWN,1.30,DRY_DIRECTIONAL,0.00%,KXBTC15M-26MAR221945-45
2026-03-22 23:37:57,DOWN,1.30,DRY_DIRECTIONAL,0.00%,KXBTC15M-26MAR221945-45
2026-03-22 23:39:58,DOWN,1.25,DRY_DIRECTIONAL,0.00%,KXBTC15M-26MAR221945-45
2026-03-22 23:44:00,UP,1.75,DRY_DIRECTIONAL,0.00%,KXBTC15M-26MAR221945-45
2026-03-22 23:49:02,DOWN,1.15,DRY_DIRECTIONAL,0.00%,KXBTC15M-26MAR222000-00
2026-03-22 23:51:03,DOWN,1.75,DRY_DIRECTIONAL,0.00%,KXBTC15M-26MAR222000-00
2026-03-22 23:53:04,DOWN,1.75,DRY_DIRECTIONAL,0.00%,KXBTC15M-26MAR222000-00
2026-03-22 23:55:04,DOWN,1.75,DRY_DIRECTIONAL,0.00%,KXBTC15M-26MAR222000-00
2026-03-22 23:57:05,DOWN,1.75,DRY_DIRECTIONAL,0.00%,KXBTC15M-26MAR222000-00
2026-03-22 23:59:06,DOWN,1.75,DRY_DIRECTIONAL,0.00%,KXBTC15M-26MAR222000-00
2026-03-23 00:05:08,UP,1.10,DRY_DIRECTIONAL,0.00%,KXBTC15M-26MAR222015-15
2026-03-23 00:08:09,UP,1.25,DRY_DIRECTIONAL,0.00%,KXBTC15M-26MAR222015-15
2026-03-23 00:10:10,UP,1.65,DRY_DIRECTIONAL,0.00%,KXBTC15M-26MAR222015-15
2026-03-23 00:12:11,UP,1.75,DRY_DIRECTIONAL,0.00%,KXBTC15M-26MAR222015-15
2026-03-23 00:14:11,UP,1.75,DRY_DIRECTIONAL,0.00%,KXBTC15M-26MAR222015-15
2026-03-23 00:17:12,DOWN,0.80,DRY_DIRECTIONAL,0.00%,KXBTC15M-26MAR222030-30
2026-03-23 00:19:13,DOWN,1.10,DRY_DIRECTIONAL,0.00%,KXBTC15M-26MAR222030-30
2026-03-23 00:21:14,DOWN,1.10,DRY_DIRECTIONAL,0.00%,KXBTC15M-26MAR222030-30
2026-03-23 00:26:16,UP,1.75,DRY_DIRECTIONAL,0.00%,KXBTC15M-26MAR222030-30
2026-03-23 00:28:16,UP,1.50,DRY_DIRECTIONAL,0.00%,KXBTC15M-26MAR222030-30
2026-03-23 00:30:17,UP,1.75,DRY_DIRECTIONAL,0.00%,KXBTC15M-26MAR222030-30
2026-03-23 00:33:18,DOWN,1.45,DRY_DIRECTIONAL,0.00%,KXBTC15M-26MAR222045-45
2026-03-23 00:35:19,DOWN,1.75,DRY_DIRECTIONAL,0.00%,KXBTC15M-26MAR222045-45
2026-03-23 00:37:20,DOWN,1.75,DRY_DIRECTIONAL,0.00%,KXBTC15M-26MAR222045-45
2026-03-23 00:39:20,DOWN,1.75,DRY_DIRECTIONAL,0.00%,KXBTC15M-26MAR222045-45
2026-03-23 00:41:21,DOWN,1.50,DRY_DIRECTIONAL,0.00%,KXBTC15M-26MAR222045-45
2026-03-23 00:43:22,DOWN,1.75,DRY_DIRECTIONAL,0.00%,KXBTC15M-26MAR222045-45
2026-03-23 00:51:25,UP,1.70,DRY_DIRECTIONAL,0.00%,KXBTC15M-26MAR222100-00
2026-03-23 01:07:31,UP,1.75,DRY_DIRECTIONAL,0.00%,KXBTC15M-26MAR222115-15
2026-03-23 01:09:32,UP,1.75,DRY_DIRECTIONAL,0.00%,KXBTC15M-26MAR222115-15
2026-03-23 01:11:33,UP,1.75,DRY_DIRECTIONAL,0.00%,KXBTC15M-26MAR222115-15
2026-03-23 01:13:33,UP,1.75,DRY_DIRECTIONAL,0.00%,KXBTC15M-26MAR222115-15
2026-03-23 01:17:35,UP,1.45,DRY_DIRECTIONAL,0.00%,KXBTC15M-26MAR222130-30
2026-03-23 01:20:36,UP,1.75,DRY_DIRECTIONAL,0.00%,KXBTC15M-26MAR222130-30
2026-03-23 01:22:37,UP,1.35,DRY_DIRECTIONAL,0.00%,KXBTC15M-26MAR222130-30
2026-03-23 01:24:38,UP,1.75,DRY_DIRECTIONAL,0.00%,KXBTC15M-26MAR222130-30
2026-03-23 01:26:38,UP,1.75,DRY_DIRECTIONAL,0.00%,KXBTC15M-26MAR222130-30
2026-03-23 01:28:39,UP,1.75,DRY_DIRECTIONAL,0.00%,KXBTC15M-26MAR222130-30
2026-03-23 01:41:44,DOWN,0.85,DRY_DIRECTIONAL,0.00%,KXBTC15M-26MAR222145-45
2026-03-23 01:43:45,DOWN,1.75,DRY_DIRECTIONAL,0.00%,KXBTC15M-26MAR222145-45
2026-03-23 01:51:48,DOWN,1.30,DRY_DIRECTIONAL,0.00%,KXBTC15M-26MAR222200-00
2026-03-23 01:55:49,DOWN,1.75,DRY_DIRECTIONAL,0.00%,KXBTC15M-26MAR222200-00
2026-03-23 01:57:50,DOWN,1.75,DRY_DIRECTIONAL,0.00%,KXBTC15M-26MAR222200-00
2026-03-23 01:59:51,DOWN,1.75,DRY_DIRECTIONAL,0.00%,KXBTC15M-26MAR222200-00
2026-03-23 02:08:54,UP,1.70,DRY_DIRECTIONAL,0.00%,KXBTC15M-26MAR222215-15
2026-03-23 02:10:55,UP,1.75,DRY_DIRECTIONAL,0.00%,KXBTC15M-26MAR222215-15
2026-03-23 02:12:56,UP,1.75,DRY_DIRECTIONAL,0.00%,KXBTC15M-26MAR222215-15
2026-03-23 02:20:59,UP,1.65,DRY_DIRECTIONAL,0.00%,KXBTC15M-26MAR222230-30
2026-03-23 02:22:59,UP,1.75,DRY_DIRECTIONAL,0.00%,KXBTC15M-26MAR222230-30
2026-03-23 02:25:00,UP,1.75,DRY_DIRECTIONAL,0.00%,KXBTC15M-26MAR222230-30
2026-03-23 02:27:01,UP,1.75,DRY_DIRECTIONAL,0.00%,KXBTC15M-26MAR222230-30
2026-03-23 02:29:02,UP,1.75,DRY_DIRECTIONAL,0.00%,KXBTC15M-26MAR222230-30
2026-03-23 02:43:08,UP,1.75,DRY_DIRECTIONAL,0.00%,KXBTC15M-26MAR222245-45
2026-03-23 02:45:08,UP,1.75,DRY_DIRECTIONAL,0.00%,KXBTC15M-26MAR222245-45
2026-03-23 02:49:10,DOWN,0.85,DRY_DIRECTIONAL,0.00%,KXBTC15M-26MAR222300-00
2026-03-23 02:55:12,DOWN,1.35,DRY_DIRECTIONAL,0.00%,KXBTC15M-26MAR222300-00
2026-03-23 03:00:14,UP,1.75,DRY_DIRECTIONAL,0.00%,KXBTC15M-26MAR222300-00
2026-03-23 03:02:14,UP,1.50,DRY_DIRECTIONAL,0.00%,KXBTC15M-26MAR222315-15
2026-03-23 03:04:15,UP,1.75,DRY_DIRECTIONAL,0.00%,KXBTC15M-26MAR222315-15
2026-03-23 03:06:16,UP,1.70,DRY_DIRECTIONAL,0.00%,KXBTC15M-26MAR222315-15
2026-03-23 03:08:17,UP,1.75,DRY_DIRECTIONAL,0.00%,KXBTC15M-26MAR222315-15
2026-03-23 03:10:17,UP,1.75,DRY_DIRECTIONAL,0.00%,KXBTC15M-26MAR222315-15
2026-03-23 03:12:18,UP,0.95,DRY_DIRECTIONAL,0.00%,KXBTC15M-26MAR222315-15
2026-03-23 03:14:19,DOWN,1.75,DRY_DIRECTIONAL,0.00%,KXBTC15M-26MAR222315-15
2026-03-23 03:24:22,DOWN,1.20,DRY_DIRECTIONAL,0.00%,KXBTC15M-26MAR222330-30
2026-03-23 03:26:23,DOWN,1.70,DRY_DIRECTIONAL,0.00%,KXBTC15M-26MAR222330-30
2026-03-23 03:29:24,DOWN,1.75,DRY_DIRECTIONAL,0.00%,KXBTC15M-26MAR222330-30
2026-03-23 03:42:29,DOWN,1.75,DRY_DIRECTIONAL,0.00%,KXBTC15M-26MAR222345-45
2026-03-23 03:44:30,DOWN,1.75,DRY_DIRECTIONAL,0.00%,KXBTC15M-26MAR222345-45
2026-03-23 03:54:33,DOWN,1.75,DRY_DIRECTIONAL,0.00%,KXBTC15M-26MAR230000-00
2026-03-23 03:56:34,DOWN,1.75,DRY_DIRECTIONAL,0.00%,KXBTC15M-26MAR230000-00
2026-03-23 03:58:35,DOWN,1.75,DRY_DIRECTIONAL,0.00%,KXBTC15M-26MAR230000-00
2026-03-23 04:05:38,UP,1.65,DRY_DIRECTIONAL,0.00%,KXBTC15M-26MAR230015-15
2026-03-23 04:07:38,UP,1.50,DRY_DIRECTIONAL,0.00%,KXBTC15M-26MAR230015-15
2026-03-23 04:09:39,UP,1.75,DRY_DIRECTIONAL,0.00%,KXBTC15M-26MAR230015-15
2026-03-23 04:11:40,UP,1.75,DRY_DIRECTIONAL,0.00%,KXBTC15M-26MAR230015-15
2026-03-23 04:13:40,UP,1.75,DRY_DIRECTIONAL,0.00%,KXBTC15M-26MAR230015-15
2026-03-23 04:21:44,UP,0.95,DRY_DIRECTIONAL,0.00%,KXBTC15M-26MAR230030-30
2026-03-23 04:23:44,UP,1.20,DRY_DIRECTIONAL,0.00%,KXBTC15M-26MAR230030-30
2026-03-23 04:27:46,UP,1.75,DRY_DIRECTIONAL,0.00%,KXBTC15M-26MAR230030-30
2026-03-23 04:29:46,UP,1.75,DRY_DIRECTIONAL,0.00%,KXBTC15M-26MAR230030-30
2026-03-23 04:34:48,UP,1.00,DRY_DIRECTIONAL,0.00%,KXBTC15M-26MAR230045-45
2026-03-23 04:36:49,UP,1.75,DRY_DIRECTIONAL,0.00%,KXBTC15M-26MAR230045-45
2026-03-23 04:38:49,UP,1.75,DRY_DIRECTIONAL,0.00%,KXBTC15M-26MAR230045-45
2026-03-23 04:40:50,UP,1.75,DRY_DIRECTIONAL,0.00%,KXBTC15M-26MAR230045-45
2026-03-23 04:42:51,UP,1.75,DRY_DIRECTIONAL,0.00%,KXBTC15M-26MAR230045-45
2026-03-23 04:44:52,UP,1.75,DRY_DIRECTIONAL,0.00%,KXBTC15M-26MAR230045-45
2026-03-23 04:48:53,UP,1.15,DRY_DIRECTIONAL,0.00%,KXBTC15M-26MAR230100-00
2026-03-23 04:50:54,UP,0.85,DRY_DIRECTIONAL,0.00%,KXBTC15M-26MAR230100-00
2026-03-23 04:52:55,UP,1.75,DRY_DIRECTIONAL,0.00%,KXBTC15M-26MAR230100-00
2026-03-23 04:54:55,UP,1.75,DRY_DIRECTIONAL,0.00%,KXBTC15M-26MAR230100-00
2026-03-23 04:56:56,UP,1.75,DRY_DIRECTIONAL,0.00%,KXBTC15M-26MAR230100-00
2026-03-23 04:58:57,UP,1.75,DRY_DIRECTIONAL,0.00%,KXBTC15M-26MAR230100-00
2026-03-23 05:00:57,UP,1.45,DRY_DIRECTIONAL,0.00%,KXBTC15M-26MAR230115-15
2026-03-23 05:02:58,UP,1.55,DRY_DIRECTIONAL,0.00%,KXBTC15M-26MAR230115-15
2026-03-23 05:04:59,UP,1.75,DRY_DIRECTIONAL,0.00%,KXBTC15M-26MAR230115-15
2026-03-23 05:06:59,UP,1.75,DRY_DIRECTIONAL,0.00%,KXBTC15M-26MAR230115-15
2026-03-23 05:09:00,UP,1.75,DRY_DIRECTIONAL,0.00%,KXBTC15M-26MAR230115-15
2026-03-23 05:11:01,UP,1.75,DRY_DIRECTIONAL,0.00%,KXBTC15M-26MAR230115-15
2026-03-23 05:13:02,UP,1.75,DRY_DIRECTIONAL,0.00%,KXBTC15M-26MAR230115-15
2026-03-23 05:15:03,UP,1.75,DRY_DIRECTIONAL,0.00%,KXBTC15M-26MAR230115-15
2026-03-23 05:22:06,DOWN,1.05,DRY_DIRECTIONAL,0.00%,KXBTC15M-26MAR230130-30
2026-03-23 05:59:13,UP,1.75,DRY_DIRECTIONAL,0.00%,KXBTC15M-26MAR230200-00
2026-03-23 06:00:14,UP,1.75,DRY_DIRECTIONAL,0.00%,KXBTC15M-26MAR230200-00
2026-03-23 06:02:14,DOWN,1.60,DRY_DIRECTIONAL,0.00%,KXBTC15M-26MAR230215-15
2026-03-23 06:03:15,DOWN,1.70,DRY_DIRECTIONAL,0.00%,KXBTC15M-26MAR230215-15
2026-03-24 20:13:22,UP,1.55,DRY_DIRECTIONAL,0.00%,KXBTC15M-26MAR241615-15
2026-03-24 20:15:23,UP,1.75,DRY_DIRECTIONAL,0.00%,KXBTC15M-26MAR241615-15
2026-03-24 20:19:25,UP,0.85,DRY_DIRECTIONAL,0.00%,KXBTC15M-26MAR241630-30
2026-03-24 20:21:26,UP,1.75,DRY_DIRECTIONAL,0.00%,KXBTC15M-26MAR241630-30
2026-03-24 20:23:27,UP,2.50,DRY_DIRECTIONAL,0.00%,KXBTC15M-26MAR241630-30
2026-03-24 20:25:27,UP,2.50,DRY_DIRECTIONAL,0.00%,KXBTC15M-26MAR241630-30
2026-03-24 20:27:28,UP,2.50,DRY_DIRECTIONAL,0.00%,KXBTC15M-26MAR241630-30
2026-03-24 20:29:29,UP,1.75,DRY_DIRECTIONAL,0.00%,KXBTC15M-26MAR241630-30
2026-03-24 20:32:41,UP,0.50,PLACED,0.00%,directional|KXBTC15M-26MAR241645-45
2026-03-24 20:41:29,UP,0.50,PLACED,0.00%,directional|KXBTC15M-26MAR241645-45
2026-03-24 20:44:08,UP,0.50,PLACED,0.00%,directional|KXBTC15M-26MAR241645-45
2026-03-24 20:48:11,DOWN,0.50,PLACED,0.00%,directional|KXBTC15M-26MAR241700-00
2026-03-24 21:04:34,UP,0.50,PLACED,0.00%,directional|KXBTC15M-26MAR241715-15
2026-03-24 21:25:45,DOWN,0.50,PLACED,0.00%,directional|KXBTC15M-26MAR241730-30
2026-03-24 21:36:55,UP,0.50,PLACED,0.00%,directional|KXBTC15M-26MAR241745-45
2026-03-24 22:08:12,UP,0.50,PLACED,0.00%,directional|KXBTC15M-26MAR241815-15
2026-03-24 22:18:18,DOWN,0.50,PLACED,0.00%,directional|KXBTC15M-26MAR241830-30
2026-03-24 22:30:24,DOWN,0.50,PLACED,0.00%,directional|KXBTC15M-26MAR241845-45
2026-03-24 23:22:49,UP,0.50,PLACED,0.00%,directional|KXBTC15M-26MAR241930-30
2026-03-24 23:48:02,DOWN,0.50,PLACED,0.00%,directional|KXBTC15M-26MAR242000-00
2026-03-25 00:06:12,UP,0.50,PLACED,0.00%,directional|KXBTC15M-26MAR242015-15
2026-03-25 00:18:19,DOWN,0.50,PLACED,0.00%,directional|KXBTC15M-26MAR242030-30
2026-03-25 00:34:28,UP,0.50,PLACED,0.00%,directional|KXBTC15M-26MAR242045-45
2026-03-25 00:51:37,DOWN,0.50,PLACED,0.00%,directional|KXBTC15M-26MAR242100-00
2026-03-25 01:08:47,DOWN,0.50,PLACED,0.00%,directional|KXBTC15M-26MAR242115-15
2026-03-25 01:17:52,DOWN,0.50,PLACED,0.00%,directional|KXBTC15M-26MAR242130-30
2026-03-25 01:34:02,DOWN,0.50,PLACED,0.00%,directional|KXBTC15M-26MAR242145-45
2026-03-25 02:01:16,DOWN,0.50,PLACED,0.00%,directional|KXBTC15M-26MAR242215-15
2026-03-25 02:38:34,UP,0.50,PLACED,0.00%,directional|KXBTC15M-26MAR242245-45
2026-03-25 02:51:42,DOWN,0.50,PLACED,0.00%,directional|KXBTC15M-26MAR242300-00
2026-03-25 03:17:55,DOWN,0.50,PLACED,0.00%,directional|KXBTC15M-26MAR242330-30
2026-03-25 03:31:02,UP,0.50,PLACED,0.00%,directional|KXBTC15M-26MAR242345-45
2026-03-25 04:08:20,UP,0.50,PLACED,0.00%,directional|KXBTC15M-26MAR250015-15
2026-03-25 04:18:26,DOWN,0.50,PLACED,0.00%,directional|KXBTC15M-26MAR250030-30
2026-03-25 04:32:34,DOWN,0.50,PLACED,0.00%,directional|KXBTC15M-26MAR250045-45
2026-03-25 04:48:42,DOWN,0.50,PLACED,0.00%,directional|KXBTC15M-26MAR250100-00
2026-03-25 05:06:52,UP,0.50,PLACED,0.00%,directional|KXBTC15M-26MAR250115-15
2026-03-25 05:17:58,DOWN,0.50,PLACED,0.00%,directional|KXBTC15M-26MAR250130-30
2026-03-25 05:35:08,DOWN,0.50,PLACED,0.00%,directional|KXBTC15M-26MAR250145-45
2026-03-25 05:49:15,DOWN,0.50,PLACED,0.00%,directional|KXBTC15M-26MAR250200-00
2026-03-25 06:05:24,DOWN,0.50,PLACED,0.00%,directional|KXBTC15M-26MAR250215-15
2026-03-25 06:16:30,UP,0.50,PLACED,0.00%,directional|KXBTC15M-26MAR250230-30
2026-03-25 06:33:39,DOWN,0.50,PLACED,0.00%,directional|KXBTC15M-26MAR250245-45
2026-03-25 07:03:54,UP,0.50,PLACED,0.00%,directional|KXBTC15M-26MAR250315-15
2026-03-25 07:22:04,DOWN,0.50,PLACED,0.00%,directional|KXBTC15M-26MAR250330-30
2026-03-25 07:33:10,UP,0.50,PLACED,0.00%,directional|KXBTC15M-26MAR250345-45
2026-03-25 07:47:18,DOWN,0.50,PLACED,0.00%,directional|KXBTC15M-26MAR250400-00
2026-03-25 08:02:27,UP,0.50,PLACED,0.00%,directional|KXBTC15M-26MAR250415-15
2026-03-25 08:16:34,UP,0.50,PLACED,0.00%,directional|KXBTC15M-26MAR250430-30
2026-03-25 08:34:44,UP,0.50,PLACED,0.00%,directional|KXBTC15M-26MAR250445-45
2026-03-25 08:46:51,DOWN,0.50,PLACED,0.00%,directional|KXBTC15M-26MAR250500-00
2026-03-25 09:47:19,DOWN,0.50,PLACED,0.00%,directional|KXBTC15M-26MAR250600-00
2026-03-25 10:02:27,UP,0.50,PLACED,0.00%,directional|KXBTC15M-26MAR250615-15
2026-03-25 10:33:41,DOWN,0.50,PLACED,0.00%,directional|KXBTC15M-26MAR250645-45
2026-03-25 10:46:48,UP,0.50,PLACED,0.00%,directional|KXBTC15M-26MAR250700-00
2026-03-25 11:09:00,UP,0.50,PLACED,0.00%,directional|KXBTC15M-26MAR250715-15
2026-03-25 11:16:04,UP,0.50,PLACED,0.00%,directional|KXBTC15M-26MAR250730-30
2026-03-25 11:31:13,UP,0.50,PLACED,0.00%,directional|KXBTC15M-26MAR250745-45
2026-03-25 11:49:22,DOWN,0.50,PLACED,0.00%,directional|KXBTC15M-26MAR250800-00
2026-03-25 12:01:29,UP,0.50,PLACED,0.00%,directional|KXBTC15M-26MAR250815-15
2026-03-25 12:17:38,DOWN,0.50,PLACED,0.00%,directional|KXBTC15M-26MAR250830-30
2026-03-25 12:48:54,DOWN,0.50,PLACED,0.00%,directional|KXBTC15M-26MAR250900-00
2026-03-25 13:17:09,DOWN,0.50,PLACED,0.00%,directional|KXBTC15M-26MAR250930-30
2026-03-25 22:03:36,UP,0.70,PLACED,0.00%,directional|KXBTC15M-26MAR251815-15
2026-03-25 22:32:50,UP,0.70,PLACED,0.00%,directional|KXBTC15M-26MAR251845-45
2026-03-25 23:18:05,DOWN,0.50,PLACED,0.00%,directional|KXBTC15M-26MAR251930-30
2026-03-25 23:34:15,DOWN,0.50,LOSS,-100.00%,directional|KXBTC15M-26MAR251930-30
2026-03-25 23:38:17,DOWN,0.62,PLACED,0.00%,directional|KXBTC15M-26MAR251945-45
2026-03-25 23:48:23,UP,0.50,PLACED,0.00%,directional|KXBTC15M-26MAR252000-00
2026-03-25 23:54:27,DOWN,0.62,WIN,94.00%,directional|KXBTC15M-26MAR251945-45
2026-03-26 00:04:33,UP,0.50,WIN,94.00%,directional|KXBTC15M-26MAR252000-00
2026-03-26 00:06:34,DOWN,0.50,PLACED,0.00%,directional|KXBTC15M-26MAR252015-15
2026-03-26 00:16:39,UP,0.66,PLACED,0.00%,directional|KXBTC15M-26MAR252030-30
2026-03-26 00:22:43,DOWN,0.50,WIN,94.00%,directional|KXBTC15M-26MAR252015-15
2026-03-26 00:32:48,UP,0.50,PLACED,0.00%,directional|KXBTC15M-26MAR252045-45
2026-03-26 00:32:49,UP,0.66,WIN,94.00%,directional|KXBTC15M-26MAR252030-30
2026-03-26 00:48:58,UP,0.64,PLACED,0.00%,directional|KXBTC15M-26MAR252100-00
2026-03-26 00:48:58,UP,0.50,WIN,94.00%,directional|KXBTC15M-26MAR252045-45
2026-03-26 01:04:18,UNKNOWN,0.50,LOSS,-100.00%,restored|KXBTC15M-26MAR252100-00
2026-03-26 01:08:20,DOWN,0.57,PLACED,0.00%,directional|KXBTC15M-26MAR252115-15
2026-03-26 01:17:25,DOWN,0.87,PLACED,0.00%,directional|KXBTC15M-26MAR252130-30
2026-03-26 01:24:30,DOWN,0.57,WIN,94.00%,directional|KXBTC15M-26MAR252115-15
2026-03-26 01:33:35,DOWN,0.87,LOSS,-100.00%,directional|KXBTC15M-26MAR252130-30
2026-03-26 02:06:49,DOWN,0.78,PLACED,0.00%,directional|KXBTC15M-26MAR252215-15
2026-03-26 02:17:55,DOWN,1.05,PLACED,0.00%,directional|KXBTC15M-26MAR252230-30
2026-03-26 02:22:58,DOWN,0.78,WIN,94.00%,directional|KXBTC15M-26MAR252215-15
2026-03-26 02:31:03,DOWN,0.51,PLACED,0.00%,directional|KXBTC15M-26MAR252245-45
2026-03-26 02:34:05,DOWN,1.05,WIN,94.00%,directional|KXBTC15M-26MAR252230-30
2026-03-26 02:47:12,DOWN,0.51,WIN,94.00%,directional|KXBTC15M-26MAR252245-45
2026-03-26 02:51:14,UP,0.60,PLACED,0.00%,directional|KXBTC15M-26MAR252300-00
2026-03-26 03:04:22,DOWN,1.02,PLACED,0.00%,directional|KXBTC15M-26MAR252315-15
2026-03-26 03:07:24,UP,0.60,WIN,94.00%,directional|KXBTC15M-26MAR252300-00
2026-03-26 03:20:31,DOWN,1.02,LOSS,-100.00%,directional|KXBTC15M-26MAR252315-15
2026-03-26 03:21:32,DOWN,1.05,PLACED,0.00%,directional|KXBTC15M-26MAR252330-30
2026-03-26 03:32:38,UP,0.69,PLACED,0.00%,directional|KXBTC15M-26MAR252345-45
2026-03-26 03:37:41,DOWN,1.05,WIN,94.00%,directional|KXBTC15M-26MAR252330-30
2026-03-26 03:48:47,UP,0.69,WIN,94.00%,directional|KXBTC15M-26MAR252345-45
2026-03-26 03:49:48,DOWN,0.50,PLACED,0.00%,directional|KXBTC15M-26MAR260000-00
2026-03-26 04:04:55,DOWN,0.72,PLACED,0.00%,directional|KXBTC15M-26MAR260015-15
2026-03-26 04:05:56,DOWN,0.50,LOSS,-100.00%,directional|KXBTC15M-26MAR260000-00
2026-03-26 04:21:05,DOWN,0.72,WIN,94.00%,directional|KXBTC15M-26MAR260015-15
2026-03-26 04:23:06,UP,1.02,PLACED,0.00%,directional|KXBTC15M-26MAR260030-30
2026-03-26 05:06:57,DOWN,1.05,PLACED,0.00%,directional|KXBTC15M-26MAR260115-15
2026-03-26 05:21:04,UP,0.96,PLACED,0.00%,directional|KXBTC15M-26MAR260130-30
2026-03-26 05:23:06,DOWN,1.05,WIN,94.00%,directional|KXBTC15M-26MAR260115-15
2026-03-26 05:37:13,UP,0.96,WIN,94.00%,directional|KXBTC15M-26MAR260130-30
2026-03-26 05:51:18,DOWN,0.78,PLACED,0.00%,directional|KXBTC15M-26MAR260200-00
2026-03-26 06:07:30,DOWN,0.78,WIN,94.00%,directional|KXBTC15M-26MAR260200-00
2026-03-26 09:02:25,DOWN,0.60,PLACED,0.00%,directional|KXBTC15M-26MAR260515-15
2026-03-26 09:17:33,DOWN,0.99,PLACED,0.00%,directional|KXBTC15M-26MAR260530-30
2026-03-26 09:18:34,DOWN,0.60,LOSS,-100.00%,directional|KXBTC15M-26MAR260515-15
2026-03-26 09:30:40,DOWN,0.93,PLACED,0.00%,directional|KXBTC15M-26MAR260545-45
2026-03-26 09:33:42,DOWN,0.99,WIN,94.00%,directional|KXBTC15M-26MAR260530-30
2026-03-26 09:46:49,DOWN,0.93,WIN,94.00%,directional|KXBTC15M-26MAR260545-45
2026-03-26 09:53:52,UP,1.02,PLACED,0.00%,directional|KXBTC15M-26MAR260600-00
2026-03-26 10:04:58,DOWN,0.75,PLACED,0.00%,directional|KXBTC15M-26MAR260615-15
2026-03-26 10:10:01,UP,1.02,WIN,94.00%,directional|KXBTC15M-26MAR260600-00
2026-03-26 10:17:05,UP,0.84,PLACED,0.00%,directional|KXBTC15M-26MAR260630-30
2026-03-26 10:21:08,DOWN,0.75,WIN,94.00%,directional|KXBTC15M-26MAR260615-15
2026-03-26 10:33:14,DOWN,0.54,PLACED,0.00%,directional|KXBTC15M-26MAR260645-45
2026-03-26 10:33:14,UP,0.84,WIN,94.00%,directional|KXBTC15M-26MAR260630-30
2026-03-26 10:49:23,DOWN,0.54,WIN,94.00%,directional|KXBTC15M-26MAR260645-45
2026-03-26 11:02:28,UP,0.72,PLACED,0.00%,directional|KXBTC15M-26MAR260715-15
2026-03-26 11:18:36,UP,0.72,WIN,94.00%,directional|KXBTC15M-26MAR260715-15
2026-03-26 11:22:38,DOWN,1.05,PLACED,0.00%,directional|KXBTC15M-26MAR260730-30
2026-03-26 11:31:43,UP,0.66,PLACED,0.00%,directional|KXBTC15M-26MAR260745-45
2026-03-26 11:38:47,DOWN,1.05,WIN,94.00%,directional|KXBTC15M-26MAR260730-30
2026-03-26 11:47:52,UP,0.66,WIN,94.00%,directional|KXBTC15M-26MAR260745-45
2026-03-26 11:51:54,DOWN,0.54,PLACED,0.00%,directional|KXBTC15M-26MAR260800-00
2026-03-26 12:04:00,UP,0.57,PLACED,0.00%,directional|KXBTC15M-26MAR260815-15
2026-03-26 12:20:53,UNKNOWN,0.50,LOSS,-100.00%,restored|KXBTC15M-26MAR260815-15
2026-03-26 12:34:58,DOWN,1.55,PLACED,0.00%,directional|KXBTC15M-26MAR260845-45
2026-03-26 12:51:08,DOWN,1.55,WIN,94.00%,directional|KXBTC15M-26MAR260845-45
2026-03-26 13:35:28,DOWN,1.25,PLACED,0.00%,directional|KXBTC15M-26MAR260945-45
2026-03-26 13:46:09,UP,1.65,PLACED,0.00%,directional|KXBTC15M-26MAR261000-00
2026-03-26 13:51:13,DOWN,1.00,LOSS,-100.00%,restored|KXBTC15M-26MAR260945-45
2026-03-26 14:05:57,UP,1.15,PLACED,0.00%,directional|KXBTC15M-26MAR261015-15
2026-03-26 14:16:05,UP,0.80,PLACED,0.00%,directional|KXBTC15M-26MAR261030-30
2026-03-26 14:31:03,UP,0.80,PLACED,0.00%,directional|KXBTC15M-26MAR261045-45
2026-03-26 14:31:04,DOWN,0.50,LOSS,-100.00%,restored|KXBTC15M-26MAR261030-30
2026-03-26 14:35:56,UP,0.85,PLACED,0.00%,directional|KXBTC15M-26MAR261045-45
2026-03-26 14:50:04,DOWN,0.90,PLACED,0.00%,directional|KXBTC15M-26MAR261100-00
2026-03-26 14:52:06,UP,0.85,LOSS,-100.00%,directional|KXBTC15M-26MAR261045-45
2026-03-26 15:05:01,DOWN,1.35,PLACED,0.00%,directional|KXBTC15M-26MAR261115-15
2026-03-26 15:11:05,DOWN,0.50,WIN,94.00%,restored|KXBTC15M-26MAR261100-00
2026-03-26 15:18:09,DOWN,1.11,PLACED,0.00%,directional|KXBTC15M-26MAR261130-30
2026-03-26 15:21:12,DOWN,1.35,WIN,94.00%,directional|KXBTC15M-26MAR261115-15
2026-03-26 15:34:19,DOWN,1.11,WIN,94.00%,directional|KXBTC15M-26MAR261130-30
2026-03-26 15:35:20,DOWN,1.10,PLACED,0.00%,directional|KXBTC15M-26MAR261145-45
2026-03-26 15:48:28,UP,1.25,PLACED,0.00%,directional|KXBTC15M-26MAR261200-00
2026-03-26 15:51:30,DOWN,1.10,WIN,94.00%,directional|KXBTC15M-26MAR261145-45
2026-03-26 16:04:38,DOWN,0.80,PLACED,0.00%,directional|KXBTC15M-26MAR261215-15
2026-03-26 16:04:39,UP,1.25,WIN,94.00%,directional|KXBTC15M-26MAR261200-00
2026-03-26 16:17:46,DOWN,1.30,PLACED,0.00%,directional|KXBTC15M-26MAR261230-30
2026-03-26 16:20:48,DOWN,0.80,WIN,94.00%,directional|KXBTC15M-26MAR261215-15
2026-03-26 16:33:56,DOWN,1.30,WIN,94.00%,directional|KXBTC15M-26MAR261230-30
2026-03-26 16:35:57,UP,1.45,PLACED,0.00%,directional|KXBTC15M-26MAR261245-45
2026-03-26 16:52:07,UP,1.45,WIN,94.00%,directional|KXBTC15M-26MAR261245-45
2026-03-26 17:01:12,UP,0.95,PLACED,0.00%,directional|KXBTC15M-26MAR261315-15
2026-03-26 17:17:22,UP,0.95,WIN,94.00%,directional|KXBTC15M-26MAR261315-15
2026-03-26 17:23:25,UP,1.75,PLACED,0.00%,directional|KXBTC15M-26MAR261330-30
2026-03-26 17:34:31,UP,1.40,PLACED,0.00%,directional|KXBTC15M-26MAR261345-45
2026-03-26 17:39:35,UP,1.75,WIN,94.00%,directional|KXBTC15M-26MAR261330-30
2026-03-26 17:48:40,DOWN,0.90,PLACED,0.00%,directional|KXBTC15M-26MAR261400-00
2026-03-26 17:50:42,UP,1.40,LOSS,-100.00%,directional|KXBTC15M-26MAR261345-45
2026-03-26 18:01:48,UP,0.90,PLACED,0.00%,directional|KXBTC15M-26MAR261415-15
2026-03-26 18:04:51,DOWN,0.90,WIN,94.00%,directional|KXBTC15M-26MAR261400-00
2026-03-26 18:17:58,UP,0.90,LOSS,-100.00%,directional|KXBTC15M-26MAR261415-15
2026-03-26 18:18:59,DOWN,1.00,PLACED,0.00%,directional|KXBTC15M-26MAR261430-30
2026-03-26 18:35:09,DOWN,1.00,WIN,94.00%,directional|KXBTC15M-26MAR261430-30
2026-03-26 18:36:10,UP,1.15,PLACED,0.00%,directional|KXBTC15M-26MAR261445-45
2026-03-26 18:48:18,UP,1.20,PLACED,0.00%,directional|KXBTC15M-26MAR261500-00
2026-03-26 18:52:21,UP,1.15,WIN,94.00%,directional|KXBTC15M-26MAR261445-45
2026-03-26 19:04:27,DOWN,0.85,PLACED,0.00%,directional|KXBTC15M-26MAR261515-15
2026-03-26 19:04:28,UP,1.20,WIN,94.00%,directional|KXBTC15M-26MAR261500-00
2026-03-26 19:20:37,UP,1.25,PLACED,0.00%,directional|KXBTC15M-26MAR261530-30
2026-03-26 19:20:38,DOWN,0.85,WIN,94.00%,directional|KXBTC15M-26MAR261515-15
2026-03-26 19:36:47,UP,1.75,PLACED,0.00%,directional|KXBTC15M-26MAR261545-45
2026-03-26 19:36:48,UP,1.25,LOSS,-100.00%,directional|KXBTC15M-26MAR261530-30
2026-03-26 19:48:54,UP,0.95,PLACED,0.00%,directional|KXBTC15M-26MAR261600-00
2026-03-26 19:52:57,UP,1.75,WIN,94.00%,directional|KXBTC15M-26MAR261545-45
2026-03-26 20:05:04,DOWN,1.30,PLACED,0.00%,directional|KXBTC15M-26MAR261615-15
2026-03-26 20:05:05,UP,0.95,LOSS,-100.00%,directional|KXBTC15M-26MAR261600-00
2026-03-26 20:21:14,DOWN,1.30,LOSS,-100.00%,directional|KXBTC15M-26MAR261615-15
2026-03-26 20:22:15,DOWN,0.80,PLACED,0.00%,directional|KXBTC15M-26MAR261630-30
2026-03-26 20:32:21,UP,0.85,PLACED,0.00%,directional|KXBTC15M-26MAR261645-45
2026-03-26 20:38:25,DOWN,0.80,WIN,94.00%,directional|KXBTC15M-26MAR261630-30
2026-03-26 20:48:30,UP,0.85,WIN,94.00%,directional|KXBTC15M-26MAR261645-45
2026-03-26 20:53:33,DOWN,1.75,PLACED,0.00%,directional|KXBTC15M-26MAR261700-00
2026-03-26 21:04:40,DOWN,1.45,PLACED,0.00%,directional|KXBTC15M-26MAR261715-15
2026-03-26 21:09:43,DOWN,1.75,WIN,94.00%,directional|KXBTC15M-26MAR261700-00
2026-03-26 21:20:49,DOWN,1.45,WIN,94.00%,directional|KXBTC15M-26MAR261715-15
2026-03-26 21:21:50,UP,1.50,PLACED,0.00%,directional|KXBTC15M-26MAR261730-30
2026-03-26 21:37:59,UP,1.50,WIN,94.00%,directional|KXBTC15M-26MAR261730-30
2026-03-26 21:39:00,DOWN,1.25,PLACED,0.00%,directional|KXBTC15M-26MAR261745-45
2026-03-26 21:53:09,DOWN,1.50,PLACED,0.00%,directional|KXBTC15M-26MAR261800-00
2026-03-26 21:55:11,DOWN,1.25,WIN,94.00%,directional|KXBTC15M-26MAR261745-45
2026-03-26 22:07:18,UP,0.85,PLACED,0.00%,directional|KXBTC15M-26MAR261815-15
2026-03-26 22:09:19,DOWN,1.50,WIN,94.00%,directional|KXBTC15M-26MAR261800-00
2026-03-26 22:23:27,UP,0.85,WIN,94.00%,directional|KXBTC15M-26MAR261815-15
2026-03-26 22:35:32,UP,1.00,PLACED,0.00%,directional|KXBTC15M-26MAR261845-45
2026-03-26 22:51:41,UP,1.00,WIN,94.00%,directional|KXBTC15M-26MAR261845-45
2026-03-26 23:01:46,UP,1.00,PLACED,0.00%,directional|KXBTC15M-26MAR261915-15
2026-03-26 23:17:55,UP,1.00,LOSS,-100.00%,directional|KXBTC15M-26MAR261915-15
2026-03-26 23:38:06,UP,1.60,PLACED,0.00%,directional|KXBTC15M-26MAR261945-45
2026-03-26 23:51:13,UP,1.05,PLACED,0.00%,directional|KXBTC15M-26MAR262000-00
2026-03-26 23:54:16,UP,1.60,WIN,94.00%,directional|KXBTC15M-26MAR261945-45
2026-03-27 00:02:21,DOWN,1.15,PLACED,0.00%,directional|KXBTC15M-26MAR262015-15
2026-03-27 00:07:24,UP,1.05,WIN,94.00%,directional|KXBTC15M-26MAR262000-00
2026-03-27 00:18:30,DOWN,1.15,LOSS,-100.00%,directional|KXBTC15M-26MAR262015-15
2026-03-27 00:21:32,DOWN,0.85,PLACED,0.00%,directional|KXBTC15M-26MAR262030-30
2026-03-27 00:37:41,DOWN,1.75,PLACED,0.00%,directional|KXBTC15M-26MAR262045-45
2026-03-27 00:37:42,DOWN,0.85,WIN,94.00%,directional|KXBTC15M-26MAR262030-30
2026-03-27 00:45:46,DOWN,0.80,PLACED,0.00%,directional|KXBTC15M-26MAR262100-00
2026-03-27 00:53:51,DOWN,1.75,WIN,94.00%,directional|KXBTC15M-26MAR262045-45
2026-03-27 01:00:55,UP,0.85,PLACED,0.00%,directional|KXBTC15M-26MAR262115-15
2026-03-27 01:01:57,DOWN,0.80,LOSS,-100.00%,directional|KXBTC15M-26MAR262100-00
2026-03-27 01:17:06,UP,0.85,WIN,94.00%,directional|KXBTC15M-26MAR262115-15
2026-03-27 01:52:21,UP,1.70,PLACED,0.00%,directional|KXBTC15M-26MAR262200-00
2026-03-27 02:04:28,UP,1.30,PLACED,0.00%,directional|KXBTC15M-26MAR262215-15
2026-03-27 02:08:31,UP,1.70,WIN,94.00%,directional|KXBTC15M-26MAR262200-00
2026-03-27 02:18:37,DOWN,1.30,PLACED,0.00%,directional|KXBTC15M-26MAR262230-30
2026-03-27 02:20:39,UP,1.30,WIN,94.00%,directional|KXBTC15M-26MAR262215-15
2026-03-27 02:32:46,UP,1.25,PLACED,0.00%,directional|KXBTC15M-26MAR262245-45
2026-03-27 02:34:47,DOWN,1.30,WIN,94.00%,directional|KXBTC15M-26MAR262230-30
2026-03-27 02:48:55,UP,1.25,LOSS,-100.00%,directional|KXBTC15M-26MAR262245-45
2026-03-27 02:49:56,DOWN,0.85,PLACED,0.00%,directional|KXBTC15M-26MAR262300-00
2026-03-27 03:06:05,DOWN,1.60,PLACED,0.00%,directional|KXBTC15M-26MAR262315-15
2026-03-27 03:06:06,DOWN,0.85,WIN,94.00%,directional|KXBTC15M-26MAR262300-00
2026-03-27 03:19:12,UP,1.00,PLACED,0.00%,directional|KXBTC15M-26MAR262330-30
2026-03-27 03:22:15,DOWN,1.60,WIN,94.00%,directional|KXBTC15M-26MAR262315-15
2026-03-27 03:35:22,UP,1.00,WIN,94.00%,directional|KXBTC15M-26MAR262330-30
2026-03-27 03:36:23,UP,1.00,PLACED,0.00%,directional|KXBTC15M-26MAR262345-45
2026-03-27 03:51:31,DOWN,1.15,PLACED,0.00%,directional|KXBTC15M-26MAR270000-00
2026-03-27 03:52:32,UP,1.00,WIN,94.00%,directional|KXBTC15M-26MAR262345-45
2026-03-27 04:02:38,DOWN,1.75,PLACED,0.00%,directional|KXBTC15M-26MAR270015-15
2026-03-27 04:07:41,DOWN,1.15,WIN,94.00%,directional|KXBTC15M-26MAR270000-00
2026-03-27 04:17:47,UP,1.20,PLACED,0.00%,directional|KXBTC15M-26MAR270030-30
2026-03-27 04:18:48,DOWN,1.75,WIN,94.00%,directional|KXBTC15M-26MAR270015-15
2026-03-27 04:37:59,UP,1.70,PLACED,0.00%,directional|KXBTC15M-26MAR270045-45
2026-03-27 04:53:08,UP,1.40,PLACED,0.00%,directional|KXBTC15M-26MAR270100-00
2026-03-27 04:54:09,UP,1.70,WIN,94.00%,directional|KXBTC15M-26MAR270045-45
2026-03-27 05:15:37,UP,1.05,PLACED,0.00%,directional|KXBTC15M-26MAR270130-30
2026-03-27 05:31:46,UP,1.05,LOSS,-100.00%,directional|KXBTC15M-26MAR270130-30
2026-03-27 05:33:47,DOWN,1.40,PLACED,0.00%,directional|KXBTC15M-26MAR270145-45
2026-03-27 05:49:55,DOWN,1.40,LOSS,-100.00%,directional|KXBTC15M-26MAR270145-45
2026-03-27 05:51:57,DOWN,1.00,PLACED,0.00%,directional|KXBTC15M-26MAR270200-00
2026-03-27 06:08:06,UP,1.70,PLACED,0.00%,directional|KXBTC15M-26MAR270215-15
2026-03-27 06:08:07,DOWN,1.00,LOSS,-100.00%,directional|KXBTC15M-26MAR270200-00
2026-03-27 06:24:15,UP,1.70,WIN,94.00%,directional|KXBTC15M-26MAR270215-15
2026-03-27 06:34:19,DOWN,1.20,PLACED,0.00%,directional|KXBTC15M-26MAR270245-45
2026-03-27 06:45:25,DOWN,0.95,PLACED,0.00%,directional|KXBTC15M-26MAR270300-00
2026-03-27 06:50:29,DOWN,1.20,WIN,94.00%,directional|KXBTC15M-26MAR270245-45
2026-03-27 07:09:39,DOWN,0.95,WIN,94.00%,directional|KXBTC15M-26MAR270300-00
2026-03-27 07:19:43,UP,1.25,PLACED,0.00%,directional|KXBTC15M-26MAR270330-30
2026-03-27 07:34:51,DOWN,1.75,PLACED,0.00%,directional|KXBTC15M-26MAR270345-45
2026-03-27 07:35:52,UP,1.25,WIN,94.00%,directional|KXBTC15M-26MAR270330-30
2026-03-27 07:51:01,DOWN,1.75,WIN,94.00%,directional|KXBTC15M-26MAR270345-45
2026-03-27 08:03:06,UP,0.80,PLACED,0.00%,directional|KXBTC15M-26MAR270415-15
2026-03-27 08:19:15,DOWN,1.30,PLACED,0.00%,directional|KXBTC15M-26MAR270430-30
2026-03-27 08:19:16,UP,0.80,LOSS,-100.00%,directional|KXBTC15M-26MAR270415-15
2026-03-27 08:35:25,DOWN,1.30,WIN,94.00%,directional|KXBTC15M-26MAR270430-30
2026-03-27 08:37:26,DOWN,1.50,PLACED,0.00%,directional|KXBTC15M-26MAR270445-45
2026-03-27 08:50:33,UP,1.15,PLACED,0.00%,directional|KXBTC15M-26MAR270500-00
2026-03-27 08:53:36,DOWN,1.50,WIN,94.00%,directional|KXBTC15M-26MAR270445-45
2026-03-27 09:04:41,DOWN,1.45,PLACED,0.00%,directional|KXBTC15M-26MAR270515-15
2026-03-27 09:06:43,UP,1.15,WIN,94.00%,directional|KXBTC15M-26MAR270500-00
2026-03-27 09:18:50,UP,0.90,PLACED,0.00%,directional|KXBTC15M-26MAR270530-30
2026-03-27 09:20:52,DOWN,1.45,WIN,94.00%,directional|KXBTC15M-26MAR270515-15
2026-03-27 09:34:59,UP,0.90,WIN,94.00%,directional|KXBTC15M-26MAR270530-30
2026-03-27 09:36:00,DOWN,1.75,PLACED,0.00%,directional|KXBTC15M-26MAR270545-45
2026-03-27 09:48:07,UP,1.75,PLACED,0.00%,directional|KXBTC15M-26MAR270600-00
2026-03-27 09:52:10,DOWN,1.75,WIN,94.00%,directional|KXBTC15M-26MAR270545-45
2026-03-27 10:02:16,DOWN,1.15,PLACED,0.00%,directional|KXBTC15M-26MAR270615-15
2026-03-27 10:04:18,UP,1.75,LOSS,-100.00%,directional|KXBTC15M-26MAR270600-00
2026-03-27 10:18:26,UP,1.00,PLACED,0.00%,directional|KXBTC15M-26MAR270630-30
2026-03-27 10:18:26,DOWN,1.15,WIN,94.00%,directional|KXBTC15M-26MAR270615-15
2026-03-27 10:34:35,DOWN,1.30,PLACED,0.00%,directional|KXBTC15M-26MAR270645-45
2026-03-27 10:34:36,UP,1.00,WIN,94.00%,directional|KXBTC15M-26MAR270630-30
2026-03-27 10:48:44,DOWN,0.90,PLACED,0.00%,directional|KXBTC15M-26MAR270700-00
2026-03-27 10:50:46,DOWN,1.30,WIN,94.00%,directional|KXBTC15M-26MAR270645-45
2026-03-27 11:04:54,DOWN,0.90,WIN,94.00%,directional|KXBTC15M-26MAR270700-00
2026-03-27 11:20:00,UP,1.30,PLACED,0.00%,directional|KXBTC15M-26MAR270730-30
2026-03-27 11:36:10,UP,1.30,WIN,94.00%,directional|KXBTC15M-26MAR270730-30
2026-03-27 11:49:16,UP,1.10,PLACED,0.00%,directional|KXBTC15M-26MAR270800-00
2026-03-27 12:05:25,UP,1.10,LOSS,-100.00%,directional|KXBTC15M-26MAR270800-00
2026-03-27 12:06:26,DOWN,1.15,PLACED,0.00%,directional|KXBTC15M-26MAR270815-15
2026-03-27 12:22:35,DOWN,1.15,WIN,94.00%,directional|KXBTC15M-26MAR270815-15
2026-03-27 12:35:40,DOWN,1.20,PLACED,0.00%,directional|KXBTC15M-26MAR270845-45
2026-03-27 12:50:00,DOWN,1.50,PLACED,0.00%,directional|KXBTC15M-26MAR270900-00
2026-03-27 13:06:10,DOWN,1.50,LOSS,-100.00%,directional|KXBTC15M-26MAR270900-00
2026-03-27 13:21:17,UP,1.75,PLACED,0.00%,directional|KXBTC15M-26MAR270930-30
2026-03-27 13:33:24,DOWN,1.55,PLACED,0.00%,directional|KXBTC15M-26MAR270945-45
2026-03-27 13:37:27,UP,1.75,WIN,94.00%,directional|KXBTC15M-26MAR270930-30
2026-03-27 13:49:33,DOWN,0.90,PLACED,0.00%,directional|KXBTC15M-26MAR271000-00
2026-03-27 13:49:34,DOWN,1.55,WIN,94.00%,directional|KXBTC15M-26MAR270945-45
2026-03-27 14:05:43,UP,1.35,PLACED,0.00%,directional|KXBTC15M-26MAR271015-15
2026-03-27 14:05:44,DOWN,0.90,WIN,94.00%,directional|KXBTC15M-26MAR271000-00
2026-03-27 14:19:51,DOWN,1.50,PLACED,0.00%,directional|KXBTC15M-26MAR271030-30
2026-03-27 14:21:53,UP,1.35,WIN,94.00%,directional|KXBTC15M-26MAR271015-15
2026-03-27 14:35:00,UP,1.65,PLACED,0.00%,directional|KXBTC15M-26MAR271045-45
2026-03-27 14:36:02,DOWN,1.50,WIN,94.00%,directional|KXBTC15M-26MAR271030-30
2026-03-27 14:51:11,UP,1.75,PLACED,0.00%,directional|KXBTC15M-26MAR271100-00
2026-03-27 14:51:12,UP,1.65,WIN,94.00%,directional|KXBTC15M-26MAR271045-45
2026-03-27 15:07:21,UP,1.75,WIN,94.00%,directional|KXBTC15M-26MAR271100-00
2026-03-27 15:21:27,DOWN,1.75,PLACED,0.00%,directional|KXBTC15M-26MAR271130-30
2026-03-27 15:32:46,UP,0.95,PLACED,0.00%,directional|KXBTC15M-26MAR271145-45
2026-03-27 15:50:57,UP,0.95,WIN,94.00%,directional|KXBTC15M-26MAR271145-45
2026-03-27 15:52:58,DOWN,1.75,PLACED,0.00%,directional|KXBTC15M-26MAR271200-00
2026-03-27 16:05:06,DOWN,1.60,PLACED,0.00%,directional|KXBTC15M-26MAR271215-15
2026-03-27 16:08:15,DOWN,1.75,PLACED,0.00%,directional|KXBTC15M-26MAR271215-15
2026-03-27 16:22:23,UP,0.95,PLACED,0.00%,directional|KXBTC15M-26MAR271230-30
2026-03-27 16:24:25,DOWN,1.75,WIN,94.00%,directional|KXBTC15M-26MAR271215-15
2026-03-27 16:38:33,DOWN,1.70,PLACED,0.00%,directional|KXBTC15M-26MAR271245-45
2026-03-27 16:38:33,UP,0.95,LOSS,-100.00%,directional|KXBTC15M-26MAR271230-30
2026-03-27 16:47:38,UP,1.05,PLACED,0.00%,directional|KXBTC15M-26MAR271300-00
2026-03-27 16:54:43,DOWN,1.70,LOSS,-100.00%,directional|KXBTC15M-26MAR271245-45
2026-03-27 17:03:48,UP,1.05,LOSS,-100.00%,directional|KXBTC15M-26MAR271300-00
2026-03-27 17:04:49,UP,1.00,PLACED,0.00%,directional|KXBTC15M-26MAR271315-15
2026-03-27 17:20:59,UP,1.00,WIN,94.00%,directional|KXBTC15M-26MAR271315-15
2026-03-27 17:22:00,DOWN,1.75,PLACED,0.00%,directional|KXBTC15M-26MAR271330-30
2026-03-27 17:38:10,DOWN,1.75,WIN,94.00%,directional|KXBTC15M-26MAR271330-30
2026-03-27 18:04:21,UP,1.00,PLACED,0.00%,directional|KXBTC15M-26MAR271415-15
2026-03-27 18:18:30,UP,1.70,PLACED,0.00%,directional|KXBTC15M-26MAR271430-30
2026-03-27 18:20:32,UP,1.00,LOSS,-100.00%,directional|KXBTC15M-26MAR271415-15
2026-03-27 18:34:40,UP,1.70,WIN,94.00%,directional|KXBTC15M-26MAR271430-30
2026-03-27 18:38:42,UP,1.00,PLACED,0.00%,directional|KXBTC15M-26MAR271445-45
2026-03-27 18:48:48,UP,0.80,PLACED,0.00%,directional|KXBTC15M-26MAR271500-00
2026-03-27 18:54:53,UP,1.00,WIN,94.00%,directional|KXBTC15M-26MAR271445-45
2026-03-27 19:02:58,DOWN,0.80,PLACED,0.00%,directional|KXBTC15M-26MAR271515-15
2026-03-27 19:05:00,UP,0.80,WIN,94.00%,directional|KXBTC15M-26MAR271500-00
2026-03-27 19:19:08,UP,1.65,PLACED,0.00%,directional|KXBTC15M-26MAR271530-30
2026-03-27 19:19:10,DOWN,0.80,WIN,94.00%,directional|KXBTC15M-26MAR271515-15
2026-03-27 19:35:19,UP,1.00,PLACED,0.00%,directional|KXBTC15M-26MAR271545-45
2026-03-27 19:35:19,UP,1.65,WIN,94.00%,directional|KXBTC15M-26MAR271530-30
2026-03-27 20:17:16,UP,0.91,PLACED,0.00%,directional|KXBTC15M-26MAR271630-30
2026-03-27 20:33:25,UP,0.91,LOSS,-100.00%,directional|KXBTC15M-26MAR271630-30
2026-03-27 20:48:31,UP,1.67,PLACED,0.00%,directional|KXBTC15M-26MAR271700-00
2026-03-27 21:04:40,UP,1.48,PLACED,0.00%,directional|KXBTC15M-26MAR271715-15
2026-03-27 21:04:41,UP,1.67,WIN,94.00%,directional|KXBTC15M-26MAR271700-00
2026-03-27 21:20:50,UP,1.48,WIN,94.00%,directional|KXBTC15M-26MAR271715-15
2026-03-27 22:32:19,UP,1.30,PLACED,0.00%,directional|KXBTC15M-26MAR271845-45
2026-03-27 22:48:29,UP,1.30,WIN,94.00%,directional|KXBTC15M-26MAR271845-45
2026-03-27 23:48:53,UP,1.69,PLACED,0.00%,directional|KXBTC15M-26MAR272000-00
2026-03-28 00:05:02,UP,1.69,WIN,94.00%,directional|KXBTC15M-26MAR272000-00
2026-03-28 00:17:08,UP,1.16,PLACED,0.00%,directional|KXBTC15M-26MAR272030-30
2026-03-28 00:31:16,UP,1.55,PLACED,0.00%,directional|KXBTC15M-26MAR272045-45
2026-03-28 00:33:19,UP,1.16,WIN,94.00%,directional|KXBTC15M-26MAR272030-30
2026-03-28 00:47:26,UP,1.55,WIN,94.00%,directional|KXBTC15M-26MAR272045-45
2026-03-28 01:02:33,DOWN,1.16,PLACED,0.00%,directional|KXBTC15M-26MAR272115-15
2026-03-28 01:18:42,UP,1.41,PLACED,0.00%,directional|KXBTC15M-26MAR272130-30
2026-03-28 01:18:47,DOWN,1.16,WIN,94.00%,directional|KXBTC15M-26MAR272115-15
2026-03-28 01:32:55,UP,1.32,PLACED,0.00%,directional|KXBTC15M-26MAR272145-45
2026-03-28 01:34:56,UP,1.41,WIN,94.00%,directional|KXBTC15M-26MAR272130-30
2026-03-28 01:49:04,UP,0.82,PLACED,0.00%,directional|KXBTC15M-26MAR272200-00
2026-03-28 01:49:05,UP,1.32,LOSS,-100.00%,directional|KXBTC15M-26MAR272145-45
2026-03-28 02:02:12,UP,1.63,PLACED,0.00%,directional|KXBTC15M-26MAR272215-15
2026-03-28 02:05:15,UP,0.82,LOSS,-100.00%,directional|KXBTC15M-26MAR272200-00
2026-03-28 02:18:22,DOWN,1.69,PLACED,0.00%,directional|KXBTC15M-26MAR272230-30
2026-03-28 02:18:23,UP,1.63,WIN,94.00%,directional|KXBTC15M-26MAR272215-15
2026-03-28 02:31:30,DOWN,1.01,PLACED,0.00%,directional|KXBTC15M-26MAR272245-45
2026-03-28 02:34:32,DOWN,1.69,WIN,94.00%,directional|KXBTC15M-26MAR272230-30
2026-03-28 02:47:39,DOWN,1.01,WIN,94.00%,directional|KXBTC15M-26MAR272245-45
2026-03-28 03:02:46,UP,1.55,PLACED,0.00%,directional|KXBTC15M-26MAR272315-15
2026-03-28 03:18:54,UP,1.26,PLACED,0.00%,directional|KXBTC15M-26MAR272330-30
2026-03-28 03:18:55,UP,1.55,WIN,94.00%,directional|KXBTC15M-26MAR272315-15
2026-03-28 03:35:04,UP,1.26,WIN,94.00%,directional|KXBTC15M-26MAR272330-30
2026-03-28 04:18:21,UP,1.71,PLACED,0.00%,directional|KXBTC15M-26MAR280030-30
2026-03-28 04:33:29,UP,1.08,PLACED,0.00%,directional|KXBTC15M-26MAR280045-45
2026-03-28 04:34:30,UP,1.71,WIN,94.00%,directional|KXBTC15M-26MAR280030-30
2026-03-28 04:45:37,UP,1.02,PLACED,0.00%,directional|KXBTC15M-26MAR280100-00
2026-03-28 04:49:40,UP,1.08,LOSS,-100.00%,directional|KXBTC15M-26MAR280045-45
2026-03-28 05:00:46,UP,1.05,PLACED,0.00%,directional|KXBTC15M-26MAR280115-15
2026-03-28 05:01:47,UP,1.02,LOSS,-100.00%,directional|KXBTC15M-26MAR280100-00
2026-03-28 05:16:55,UP,1.05,LOSS,-100.00%,directional|KXBTC15M-26MAR280115-15
2026-03-28 05:46:08,UP,1.47,PLACED,0.00%,directional|KXBTC15M-26MAR280200-00
2026-03-28 06:01:16,UP,0.76,PLACED,0.00%,directional|KXBTC15M-26MAR280215-15
2026-03-28 06:02:18,UP,1.47,WIN,94.00%,directional|KXBTC15M-26MAR280200-00
2026-03-28 06:17:26,UP,1.67,PLACED,0.00%,directional|KXBTC15M-26MAR280230-30
2026-03-28 06:17:26,UP,0.76,WIN,94.00%,directional|KXBTC15M-26MAR280215-15
2026-03-28 06:33:35,UP,1.67,WIN,94.00%,directional|KXBTC15M-26MAR280230-30
2026-03-28 06:49:42,DOWN,1.67,PLACED,0.00%,directional|KXBTC15M-26MAR280300-00
2026-03-28 07:08:52,DOWN,1.67,WIN,94.00%,directional|KXBTC15M-26MAR280300-00
2026-03-28 07:19:57,UP,1.00,PLACED,0.00%,directional|KXBTC15M-26MAR280330-30
2026-03-28 07:36:06,UP,1.00,WIN,94.00%,directional|KXBTC15M-26MAR280330-30
2026-03-28 08:02:16,DOWN,1.15,PLACED,0.00%,directional|KXBTC15M-26MAR280415-15
2026-03-28 08:18:24,UP,1.15,PLACED,0.00%,directional|KXBTC15M-26MAR280430-30
2026-03-28 08:18:25,DOWN,1.15,WIN,94.00%,directional|KXBTC15M-26MAR280415-15
2026-03-28 08:34:33,UP,1.15,WIN,94.00%,directional|KXBTC15M-26MAR280430-30
2026-03-28 09:33:56,DOWN,1.64,PLACED,0.00%,directional|KXBTC15M-26MAR280545-45
2026-03-28 09:50:05,DOWN,1.64,WIN,94.00%,directional|KXBTC15M-26MAR280545-45
2026-03-28 10:31:22,UP,0.77,PLACED,0.00%,directional|KXBTC15M-26MAR280645-45
2026-03-28 10:47:30,UP,0.77,WIN,94.00%,directional|KXBTC15M-26MAR280645-45
2026-03-28 11:19:43,UP,1.07,PLACED,0.00%,directional|KXBTC15M-26MAR280730-30
2026-03-28 11:35:51,UP,1.07,WIN,94.00%,directional|KXBTC15M-26MAR280730-30
2026-03-28 11:49:57,UP,1.22,PLACED,0.00%,directional|KXBTC15M-26MAR280800-00
2026-03-28 12:04:05,DOWN,1.13,PLACED,0.00%,directional|KXBTC15M-26MAR280815-15
2026-03-28 12:06:07,UP,1.22,WIN,94.00%,directional|KXBTC15M-26MAR280800-00
2026-03-28 12:19:14,UP,1.70,PLACED,0.00%,directional|KXBTC15M-26MAR280830-30
2026-03-28 12:20:16,DOWN,1.13,LOSS,-100.00%,directional|KXBTC15M-26MAR280815-15
2026-03-28 12:33:23,DOWN,1.70,PLACED,0.00%,directional|KXBTC15M-26MAR280845-45
2026-03-28 12:35:24,UP,1.70,WIN,94.00%,directional|KXBTC15M-26MAR280830-30
2026-03-28 12:49:32,DOWN,1.70,WIN,94.00%,directional|KXBTC15M-26MAR280845-45
2026-03-28 13:31:49,UP,1.42,PLACED,0.00%,directional|KXBTC15M-26MAR280945-45
2026-03-28 13:47:59,UP,1.42,WIN,94.00%,directional|KXBTC15M-26MAR280945-45
2026-03-28 15:17:37,UP,1.72,PLACED,0.00%,directional|KXBTC15M-26MAR281130-30
2026-03-28 15:33:46,UP,1.72,WIN,94.00%,directional|KXBTC15M-26MAR281130-30
2026-03-28 16:34:13,DOWN,1.52,PLACED,0.00%,directional|KXBTC15M-26MAR281245-45
2026-03-28 16:50:22,DOWN,1.52,WIN,94.00%,directional|KXBTC15M-26MAR281245-45
2026-03-28 17:19:35,DOWN,1.33,PLACED,0.00%,directional|KXBTC15M-26MAR281330-30
2026-03-28 17:32:43,DOWN,1.24,PLACED,0.00%,directional|KXBTC15M-26MAR281345-45
2026-03-28 17:35:45,DOWN,1.33,WIN,94.00%,directional|KXBTC15M-26MAR281330-30
2026-03-28 17:48:53,DOWN,1.24,LOSS,-100.00%,directional|KXBTC15M-26MAR281345-45
2026-03-28 18:03:59,UP,1.72,PLACED,0.00%,directional|KXBTC15M-26MAR281415-15
2026-03-28 18:19:08,DOWN,0.93,PLACED,0.00%,directional|KXBTC15M-26MAR281430-30
2026-03-28 18:20:09,UP,1.72,WIN,94.00%,directional|KXBTC15M-26MAR281415-15
2026-03-28 18:35:18,DOWN,0.93,WIN,94.00%,directional|KXBTC15M-26MAR281430-30
2026-03-28 18:48:24,DOWN,0.93,PLACED,0.00%,directional|KXBTC15M-26MAR281500-00
2026-03-28 19:01:31,DOWN,0.99,PLACED,0.00%,directional|KXBTC15M-26MAR281515-15
2026-03-28 19:04:34,DOWN,0.93,WIN,94.00%,directional|KXBTC15M-26MAR281500-00
2026-03-28 19:17:41,DOWN,0.99,WIN,94.00%,directional|KXBTC15M-26MAR281515-15
2026-03-28 20:02:32,UP,3.36,PLACED,0.00%,directional|KXBTC15M-26MAR281615-15
2026-03-28 20:18:40,UP,3.36,WIN,94.00%,directional|KXBTC15M-26MAR281615-15
2026-03-28 20:31:46,UP,1.69,PLACED,0.00%,directional|KXBTC15M-26MAR281645-45
2026-03-28 20:45:54,UP,1.86,PLACED,0.00%,directional|KXBTC15M-26MAR281700-00
2026-03-28 20:47:56,UP,1.69,LOSS,-100.00%,directional|KXBTC15M-26MAR281645-45
2026-03-28 21:02:04,UP,1.86,WIN,94.00%,directional|KXBTC15M-26MAR281700-00
2026-03-28 21:46:22,DOWN,3.45,PLACED,0.00%,directional|KXBTC15M-26MAR281800-00
2026-03-28 22:02:32,DOWN,1.79,PLACED,0.00%,directional|KXBTC15M-26MAR281815-15
2026-03-28 22:02:33,DOWN,3.45,WIN,94.00%,directional|KXBTC15M-26MAR281800-00
2026-03-28 22:18:42,DOWN,1.79,WIN,94.00%,directional|KXBTC15M-26MAR281815-15
2026-03-28 22:19:43,UP,3.50,PLACED,0.00%,directional|KXBTC15M-26MAR281830-30
2026-03-28 22:34:51,UP,1.81,PLACED,0.00%,directional|KXBTC15M-26MAR281845-45
2026-03-28 22:35:52,UP,3.50,WIN,94.00%,directional|KXBTC15M-26MAR281830-30
2026-03-28 22:47:58,UP,2.87,PLACED,0.00%,directional|KXBTC15M-26MAR281900-00
2026-03-28 22:51:01,UP,1.81,LOSS,-100.00%,directional|KXBTC15M-26MAR281845-45
2026-03-28 23:02:07,DOWN,2.49,PLACED,0.00%,directional|KXBTC15M-26MAR281915-15
2026-03-28 23:04:09,UP,2.87,WIN,94.00%,directional|KXBTC15M-26MAR281900-00
2026-03-28 23:18:18,DOWN,2.49,WIN,94.00%,directional|KXBTC15M-26MAR281915-15
2026-03-28 23:33:24,UP,2.11,PLACED,0.00%,directional|KXBTC15M-26MAR281945-45
2026-03-28 23:48:33,DOWN,3.54,PLACED,0.00%,directional|KXBTC15M-26MAR282000-00
2026-03-28 23:49:34,UP,2.11,WIN,94.00%,directional|KXBTC15M-26MAR281945-45
2026-03-29 00:02:41,UP,3.36,PLACED,0.00%,directional|KXBTC15M-26MAR282015-15
2026-03-29 00:04:43,DOWN,3.54,WIN,94.00%,directional|KXBTC15M-26MAR282000-00
2026-03-29 00:18:51,UP,3.36,WIN,94.00%,directional|KXBTC15M-26MAR282015-15
2026-03-29 00:19:52,UP,3.38,PLACED,0.00%,directional|KXBTC15M-26MAR282030-30
2026-03-29 00:32:59,UP,1.98,PLACED,0.00%,directional|KXBTC15M-26MAR282045-45
2026-03-29 00:36:01,UP,3.38,LOSS,-100.00%,directional|KXBTC15M-26MAR282030-30
2026-03-29 00:49:09,UP,1.98,WIN,94.00%,directional|KXBTC15M-26MAR282045-45
2026-03-29 01:31:27,DOWN,1.69,PLACED,0.00%,directional|KXBTC15M-26MAR282145-45
2026-03-29 01:47:36,DOWN,1.69,WIN,94.00%,directional|KXBTC15M-26MAR282145-45
2026-03-29 01:48:36,DOWN,2.01,PLACED,0.00%,directional|KXBTC15M-26MAR282200-00
2026-03-29 02:04:46,DOWN,2.01,LOSS,-100.00%,directional|KXBTC15M-26MAR282200-00
2026-03-29 02:32:57,DOWN,2.46,PLACED,0.00%,directional|KXBTC15M-26MAR282245-45
2026-03-29 02:49:06,DOWN,2.46,LOSS,-100.00%,directional|KXBTC15M-26MAR282245-45
2026-03-29 03:16:17,UP,3.37,PLACED,0.00%,directional|KXBTC15M-26MAR282330-30
2026-03-29 03:32:26,UP,3.37,WIN,94.00%,directional|KXBTC15M-26MAR282330-30
2026-03-29 03:34:27,DOWN,1.93,PLACED,0.00%,directional|KXBTC15M-26MAR282345-45
2026-03-29 03:48:34,DOWN,1.55,PLACED,0.00%,directional|KXBTC15M-26MAR290000-00
2026-03-29 03:50:36,DOWN,1.93,WIN,94.00%,directional|KXBTC15M-26MAR282345-45
2026-03-29 04:03:43,DOWN,2.83,PLACED,0.00%,directional|KXBTC15M-26MAR290015-15
2026-03-29 04:04:44,DOWN,1.55,WIN,94.00%,directional|KXBTC15M-26MAR290000-00
2026-03-29 04:17:51,DOWN,1.80,PLACED,0.00%,directional|KXBTC15M-26MAR290030-30
2026-03-29 04:19:53,DOWN,2.83,LOSS,-100.00%,directional|KXBTC15M-26MAR290015-15
2026-03-29 04:34:00,DOWN,1.80,WIN,94.00%,directional|KXBTC15M-26MAR290030-30
2026-03-29 05:16:17,DOWN,2.10,PLACED,0.00%,directional|KXBTC15M-26MAR290130-30
2026-03-29 05:32:26,DOWN,2.10,WIN,94.00%,directional|KXBTC15M-26MAR290130-30
2026-03-29 06:04:38,UP,2.98,PLACED,0.00%,directional|KXBTC15M-26MAR290215-15
2026-03-29 06:20:46,UP,2.98,WIN,94.00%,directional|KXBTC15M-26MAR290215-15
2026-03-29 06:31:51,UP,2.62,PLACED,0.00%,directional|KXBTC15M-26MAR290245-45
2026-03-29 06:47:59,UP,2.62,WIN,94.00%,directional|KXBTC15M-26MAR290245-45
2026-03-29 07:04:07,DOWN,3.42,PLACED,0.00%,directional|KXBTC15M-26MAR290315-15
2026-03-29 07:20:16,DOWN,3.42,WIN,94.00%,directional|KXBTC15M-26MAR290315-15
2026-03-29 07:32:21,UP,1.76,PLACED,0.00%,directional|KXBTC15M-26MAR290345-45
2026-03-29 07:48:29,UP,1.76,LOSS,-100.00%,directional|KXBTC15M-26MAR290345-45
2026-03-29 08:32:46,UP,2.89,PLACED,0.00%,directional|KXBTC15M-26MAR290445-45
2026-03-29 08:48:55,UP,2.89,WIN,94.00%,directional|KXBTC15M-26MAR290445-45
2026-03-29 09:18:07,UP,2.52,PLACED,0.00%,directional|KXBTC15M-26MAR290530-30
2026-03-29 09:34:15,UP,2.52,WIN,94.00%,directional|KXBTC15M-26MAR290530-30
2026-03-29 09:48:21,UP,1.96,PLACED,0.00%,directional|KXBTC15M-26MAR290600-00
2026-03-29 10:02:28,DOWN,2.46,PLACED,0.00%,directional|KXBTC15M-26MAR290615-15
2026-03-29 10:04:30,UP,1.96,WIN,94.00%,directional|KXBTC15M-26MAR290600-00
2026-03-29 10:16:36,UP,2.58,PLACED,0.00%,directional|KXBTC15M-26MAR290630-30
2026-03-29 10:18:38,DOWN,2.46,WIN,94.00%,directional|KXBTC15M-26MAR290615-15
2026-03-29 10:32:46,UP,2.58,LOSS,-100.00%,directional|KXBTC15M-26MAR290630-30
2026-03-29 10:34:47,DOWN,3.38,PLACED,0.00%,directional|KXBTC15M-26MAR290645-45
2026-03-29 10:46:53,UP,2.70,PLACED,0.00%,directional|KXBTC15M-26MAR290700-00
2026-03-29 10:50:56,DOWN,3.38,LOSS,-100.00%,directional|KXBTC15M-26MAR290645-45
2026-03-29 11:03:02,UP,1.80,PLACED,0.00%,directional|KXBTC15M-26MAR290715-15
2026-03-29 11:03:03,UP,2.70,LOSS,-100.00%,directional|KXBTC15M-26MAR290700-00
2026-03-30 14:04:16,UP,4.66,PLACED,0.00%,directional|KXBTC15M-26MAR301015-15
2026-03-30 14:18:35,DOWN,4.34,PLACED,0.00%,directional|KXBTC15M-26MAR301030-30
2026-03-30 14:34:44,UP,3.25,PLACED,0.00%,directional|KXBTC15M-26MAR301045-45
2026-03-30 14:34:45,DOWN,4.34,WIN,94.00%,directional|KXBTC15M-26MAR301030-30
2026-03-30 14:49:10,UP,4.63,PLACED,0.00%,directional|KXBTC15M-26MAR301100-00
2026-03-30 15:05:20,UP,4.63,WIN,94.00%,directional|KXBTC15M-26MAR301100-00
2026-03-30 15:17:25,DOWN,5.03,PLACED,0.00%,directional|KXBTC15M-26MAR301130-30
2026-03-30 15:33:35,UP,6.37,PLACED,0.00%,directional|KXBTC15M-26MAR301145-45
2026-03-30 15:33:36,DOWN,5.03,WIN,94.00%,directional|KXBTC15M-26MAR301130-30
2026-03-30 15:49:44,UP,6.37,WIN,94.00%,directional|KXBTC15M-26MAR301145-45
2026-03-30 16:03:50,DOWN,6.45,PLACED,0.00%,directional|KXBTC15M-26MAR301215-15
2026-03-30 16:19:59,DOWN,6.45,WIN,94.00%,directional|KXBTC15M-26MAR301215-15
2026-03-30 17:02:15,UP,4.10,PLACED,0.00%,directional|KXBTC15M-26MAR301315-15
2026-03-30 17:18:25,UP,4.10,LOSS,-100.00%,directional|KXBTC15M-26MAR301315-15
2026-03-30 17:19:26,DOWN,4.33,PLACED,0.00%,directional|KXBTC15M-26MAR301330-30
2026-03-30 17:35:35,DOWN,4.33,WIN,94.00%,directional|KXBTC15M-26MAR301330-30
2026-03-30 19:48:56,UP,5.42,PLACED,0.00%,directional|KXBTC15M-26MAR301600-00
2026-03-30 20:03:08,UP,4.38,PLACED,0.00%,directional|KXBTC15M-26MAR301615-15
2026-03-30 20:05:10,UP,5.42,WIN,94.00%,directional|KXBTC15M-26MAR301600-00
2026-03-30 20:19:18,UP,4.38,WIN,94.00%,directional|KXBTC15M-26MAR301615-15
2026-03-30 20:34:25,DOWN,6.46,PLACED,0.00%,directional|KXBTC15M-26MAR301645-45
2026-03-30 20:49:34,DOWN,3.90,PLACED,0.00%,directional|KXBTC15M-26MAR301700-00
2026-03-30 20:50:35,DOWN,6.46,LOSS,-100.00%,directional|KXBTC15M-26MAR301645-45
2026-03-30 21:05:44,DOWN,3.90,WIN,94.00%,directional|KXBTC15M-26MAR301700-00
2026-03-30 21:17:50,UP,4.95,PLACED,0.00%,directional|KXBTC15M-26MAR301730-30
2026-03-30 21:33:59,UP,4.95,WIN,94.00%,directional|KXBTC15M-26MAR301730-30
2026-03-30 22:03:12,UP,3.75,PLACED,0.00%,directional|KXBTC15M-26MAR301815-15
2026-03-30 22:19:21,UP,3.75,LOSS,-100.00%,directional|KXBTC15M-26MAR301815-15
2026-03-30 22:32:27,DOWN,3.62,PLACED,0.00%,directional|KXBTC15M-26MAR301845-45
2026-03-30 22:48:36,DOWN,5.91,PLACED,0.00%,directional|KXBTC15M-26MAR301900-00
2026-03-30 22:48:37,DOWN,3.62,LOSS,-100.00%,directional|KXBTC15M-26MAR301845-45
2026-03-31 16:02:29,UP,2.19,PLACED,0.00%,directional|KXBTC15M-26MAR311215-15
2026-03-31 16:18:39,UP,1.57,PLACED,0.00%,directional|KXBTC15M-26MAR311230-30
2026-03-31 16:18:40,UP,2.19,WIN,94.00%,directional|KXBTC15M-26MAR311215-15
2026-03-31 16:34:49,UP,1.57,WIN,94.00%,directional|KXBTC15M-26MAR311230-30
2026-03-31 16:48:56,DOWN,2.30,PLACED,0.00%,directional|KXBTC15M-26MAR311300-00
2026-03-31 17:04:08,UP,1.97,PLACED,0.00%,directional|KXBTC15M-26MAR311315-15
2026-03-31 17:05:10,DOWN,2.30,WIN,94.00%,directional|KXBTC15M-26MAR311300-00
2026-03-31 17:20:19,UP,1.97,WIN,94.00%,directional|KXBTC15M-26MAR311315-15
2026-03-31 18:04:39,UP,1.77,PLACED,0.00%,directional|KXBTC15M-26MAR311415-15
2026-03-31 18:17:51,UP,1.86,PLACED,0.00%,directional|KXBTC15M-26MAR311430-30
2026-03-31 18:20:54,UP,1.77,WIN,94.00%,directional|KXBTC15M-26MAR311415-15
2026-03-31 18:34:07,UP,1.86,WIN,94.00%,directional|KXBTC15M-26MAR311430-30
2026-03-31 18:48:16,UP,1.78,PLACED,0.00%,directional|KXBTC15M-26MAR311500-00
2026-03-31 19:04:26,UP,1.78,PLACED,0.00%,directional|KXBTC15M-26MAR311515-15
2026-03-31 19:04:26,UP,1.78,WIN,94.00%,directional|KXBTC15M-26MAR311500-00
2026-03-31 19:20:36,UP,1.78,WIN,94.00%,directional|KXBTC15M-26MAR311515-15
2026-03-31 19:48:50,UP,2.23,PLACED,0.00%,directional|KXBTC15M-26MAR311600-00
2026-03-31 20:05:01,UP,2.23,WIN,94.00%,directional|KXBTC15M-26MAR311600-00
2026-03-31 20:48:23,UP,2.24,PLACED,0.00%,directional|KXBTC15M-26MAR311700-00
2026-03-31 21:01:31,DOWN,2.00,PLACED,0.00%,directional|KXBTC15M-26MAR311715-15
2026-03-31 21:04:34,UP,2.24,WIN,94.00%,directional|KXBTC15M-26MAR311700-00
2026-03-31 21:17:43,DOWN,2.00,WIN,94.00%,directional|KXBTC15M-26MAR311715-15
2026-03-31 21:32:50,UP,1.75,PLACED,0.00%,directional|KXBTC15M-26MAR311745-45
2026-03-31 21:49:00,UP,1.75,WIN,94.00%,directional|KXBTC15M-26MAR311745-45
2026-03-31 22:03:08,DOWN,1.56,PLACED,0.00%,directional|KXBTC15M-26MAR311815-15
2026-03-31 22:19:18,DOWN,1.56,WIN,94.00%,directional|KXBTC15M-26MAR311815-15
2026-03-31 22:34:25,DOWN,2.15,PLACED,0.00%,directional|KXBTC15M-26MAR311845-45
2026-03-31 22:48:34,DOWN,1.37,PLACED,0.00%,directional|KXBTC15M-26MAR311900-00
2026-03-31 22:50:36,DOWN,2.15,LOSS,-100.00%,directional|KXBTC15M-26MAR311845-45
2026-03-31 23:02:43,DOWN,1.68,PLACED,0.00%,directional|KXBTC15M-26MAR311915-15
2026-03-31 23:04:46,DOWN,1.37,LOSS,-100.00%,directional|KXBTC15M-26MAR311900-00
2026-03-31 23:18:54,UP,1.89,PLACED,0.00%,directional|KXBTC15M-26MAR311930-30
2026-03-31 23:18:55,DOWN,1.68,LOSS,-100.00%,directional|KXBTC15M-26MAR311915-15
2026-03-31 23:35:05,UP,1.89,WIN,94.00%,directional|KXBTC15M-26MAR311930-30
2026-03-31 23:47:11,DOWN,1.60,PLACED,0.00%,directional|KXBTC15M-26MAR312000-00
2026-04-01 00:01:20,DOWN,2.13,PLACED,0.00%,directional|KXBTC15M-26MAR312015-15
2026-04-01 00:03:22,DOWN,1.60,WIN,94.00%,directional|KXBTC15M-26MAR312000-00
2026-04-01 00:17:31,DOWN,2.13,WIN,94.00%,directional|KXBTC15M-26MAR312015-15
2026-04-01 00:18:32,UP,2.14,PLACED,0.00%,directional|KXBTC15M-26MAR312030-30
2026-04-01 00:34:42,UP,2.14,LOSS,-100.00%,directional|KXBTC15M-26MAR312030-30
2026-04-02 17:33:36,DOWN,4.16,DRY_DIRECTIONAL,0.00%,KXBTC15M-26APR021345-45
2026-04-02 18:48:54,UP,3.63,PLACED,0.00%,directional|KXBTC15M-26APR021500-00
2026-04-02 19:05:52,UP,3.63,WIN,92.84%,directional|KXBTC15M-26APR021500-00
2026-04-02 19:33:53,DOWN,6.11,PLACED,0.00%,directional|KXBTC15M-26APR021545-45
2026-04-02 19:50:52,DOWN,6.11,WIN,96.40%,directional|KXBTC15M-26APR021545-45
2026-04-02 20:01:54,DOWN,3.23,PLACED,0.00%,directional|KXBTC15M-26APR021615-15
2026-04-02 20:18:52,DOWN,3.23,WIN,85.76%,directional|KXBTC15M-26APR021615-15
2026-04-02 21:18:53,UP,4.86,PLACED,0.00%,directional|KXBTC15M-26APR021730-30
2026-04-02 21:35:52,UP,4.86,WIN,85.19%,directional|KXBTC15M-26APR021730-30
2026-04-02 21:48:53,UP,5.40,PLACED,0.00%,directional|KXBTC15M-26APR021800-00
2026-04-02 22:04:53,UP,2.00,PLACED,0.00%,directional|KXBTC15M-26APR021815-15
2026-04-02 22:04:54,UP,5.40,WIN,85.19%,directional|KXBTC15M-26APR021800-00
2026-04-02 22:17:53,UP,2.00,PLACED,0.00%,directional|KXBTC15M-26APR021830-30
2026-04-02 22:32:53,UP,2.00,PLACED,0.00%,directional|KXBTC15M-26APR021845-45
2026-04-02 22:47:53,DOWN,2.00,PLACED,0.00%,directional|KXBTC15M-26APR021900-00
2026-04-02 22:49:52,UP,2.00,WIN,100.00%,directional|KXBTC15M-26APR021845-45
2026-04-02 23:04:52,DOWN,2.00,LOSS,-100.00%,directional|KXBTC15M-26APR021900-00
2026-04-03 00:01:55,UP,2.00,PLACED,0.00%,directional|KXBTC15M-26APR022015-15
2026-04-03 00:47:53,DOWN,2.40,PLACED,0.00%,directional|KXBTC15M-26APR022100-00
2026-04-03 01:04:52,DOWN,2.40,WIN,66.67%,directional|KXBTC15M-26APR022100-00
2026-04-03 02:04:56,DOWN,4.08,PLACED,0.00%,directional|KXBTC15M-26APR022215-15
2026-04-03 02:17:56,UP,6.51,PLACED,0.00%,directional|KXBTC15M-26APR022230-30
2026-04-03 02:21:54,DOWN,4.08,WIN,96.08%,directional|KXBTC15M-26APR022215-15
2026-04-03 03:34:19,UP,5.71,PLACED,0.00%,directional|KXBTC15M-26APR022345-45
2026-04-03 12:31:29,DOWN,2.00,PLACED,0.00%,directional|KXBTC15M-26APR030845-45
2026-04-03 14:49:29,UP,4.13,PLACED,0.00%,directional|KXBTC15M-26APR031100-00
2026-04-03 15:06:27,UP,4.13,WIN,93.70%,directional|KXBTC15M-26APR031100-00
2026-04-03 18:19:44,UP,2.94,PLACED,0.00%,directional|KXBTC15M-26APR031430-30
2026-04-03 18:36:42,UP,2.94,WIN,70.07%,directional|KXBTC15M-26APR031430-30
2026-04-03 23:47:44,UP,2.77,PLACED,0.00%,directional|KXBTC15M-26APR032000-00
2026-04-04 00:04:41,UP,2.77,WIN,80.51%,directional|KXBTC15M-26APR032000-00
2026-04-04 03:01:45,UP,5.73,PLACED,0.00%,directional|KXBTC15M-26APR032315-15
2026-04-04 03:18:44,DOWN,7.03,PLACED,0.00%,directional|KXBTC15M-26APR032330-30
2026-04-04 03:18:46,UP,5.73,WIN,91.97%,directional|KXBTC15M-26APR032315-15
2026-04-04 03:35:41,DOWN,7.03,WIN,99.15%,directional|KXBTC15M-26APR032330-30
2026-04-04 06:47:44,UP,3.57,PLACED,0.00%,directional|KXBTC15M-26APR040300-00
2026-04-04 07:08:43,UP,3.57,WIN,96.08%,directional|KXBTC15M-26APR040300-00
2026-04-04 07:34:44,UP,3.84,PLACED,0.00%,directional|KXBTC15M-26APR040345-45
2026-04-04 07:51:43,UP,3.84,WIN,82.29%,directional|KXBTC15M-26APR040345-45
2026-04-04 08:31:45,DOWN,6.59,PLACED,0.00%,directional|KXBTC15M-26APR040445-45
2026-04-04 08:48:41,DOWN,6.59,WIN,97.27%,directional|KXBTC15M-26APR040445-45
2026-04-04 10:02:44,UP,4.87,PLACED,0.00%,directional|KXBTC15M-26APR040615-15
2026-04-04 11:01:45,UP,5.01,PLACED,0.00%,directional|KXBTC15M-26APR040715-15
2026-04-04 11:17:44,DOWN,4.61,PLACED,0.00%,directional|KXBTC15M-26APR040730-30
2026-04-04 11:34:41,DOWN,4.61,WIN,95.23%,directional|KXBTC15M-26APR040730-30
2026-04-04 12:49:10,UP,2.00,PLACED,0.00%,directional|KXBTC15M-26APR040900-00
2026-04-04 13:06:05,UP,2.00,WIN,100.00%,directional|KXBTC15M-26APR040900-00
2026-04-04 14:32:57,DOWN,3.98,PLACED,0.00%,directional|KXBTC15M-26APR041045-45
2026-04-04 14:46:58,UP,5.05,PLACED,0.00%,directional|KXBTC15M-26APR041100-00
2026-04-04 15:47:59,DOWN,3.62,PLACED,0.00%,directional|KXBTC15M-26APR041200-00
2026-04-04 16:04:56,DOWN,3.62,LOSS,-100.00%,directional|KXBTC15M-26APR041200-00
2026-04-04 23:04:22,DOWN,2.00,PLACED,0.00%,directional|KXBTC15M-26APR041915-15
2026-04-05 00:48:22,DOWN,2.40,PLACED,0.00%,directional|KXBTC15M-26APR042100-00
2026-04-05 01:05:19,DOWN,2.40,WIN,66.67%,directional|KXBTC15M-26APR042100-00
2026-04-05 01:19:22,DOWN,2.40,PLACED,0.00%,directional|KXBTC15M-26APR042130-30
2026-04-05 01:36:20,DOWN,2.40,WIN,66.67%,directional|KXBTC15M-26APR042130-30
2026-04-05 02:02:23,DOWN,3.73,PLACED,0.00%,directional|KXBTC15M-26APR042215-15
2026-04-05 02:17:23,UP,2.81,PLACED,0.00%,directional|KXBTC15M-26APR042230-30
2026-04-05 02:19:22,DOWN,3.73,WIN,87.67%,directional|KXBTC15M-26APR042215-15
2026-04-05 02:34:19,UP,2.81,WIN,77.94%,directional|KXBTC15M-26APR042230-30
2026-04-05 08:03:22,UP,4.42,PLACED,0.00%,directional|KXBTC15M-26APR050415-15
2026-04-05 08:19:22,UP,4.30,PLACED,0.00%,directional|KXBTC15M-26APR050430-30
2026-04-05 08:20:20,UP,4.42,WIN,81.00%,directional|KXBTC15M-26APR050415-15
2026-04-05 08:36:19,UP,4.30,WIN,86.05%,directional|KXBTC15M-26APR050430-30
2026-04-05 08:47:23,UP,4.51,PLACED,0.00%,directional|KXBTC15M-26APR050500-00
2026-04-05 09:04:22,UP,5.04,PLACED,0.00%,directional|KXBTC15M-26APR050515-15
2026-04-05 09:04:23,UP,4.51,WIN,99.56%,directional|KXBTC15M-26APR050500-00
2026-04-05 12:33:22,DOWN,2.40,PLACED,0.00%,directional|KXBTC15M-26APR050845-45
2026-04-05 12:50:21,DOWN,2.40,WIN,66.67%,directional|KXBTC15M-26APR050845-45
2026-04-05 13:34:22,UP,2.00,PLACED,0.00%,directional|KXBTC15M-26APR050945-45
2026-04-05 13:51:21,UP,2.00,WIN,100.00%,directional|KXBTC15M-26APR050945-45
2026-04-05 14:04:22,UP,4.37,PLACED,0.00%,directional|KXBTC15M-26APR051015-15
2026-04-05 14:49:22,DOWN,4.93,PLACED,0.00%,directional|KXBTC15M-26APR051100-00
2026-04-05 15:06:20,DOWN,4.93,WIN,82.56%,directional|KXBTC15M-26APR051100-00
2026-04-05 15:31:22,UP,8.62,PLACED,0.00%,directional|KXBTC15M-26APR051145-45
2026-04-05 18:03:22,DOWN,2.40,PLACED,0.00%,directional|KXBTC15M-26APR051415-15
2026-04-05 18:20:20,DOWN,2.40,WIN,66.67%,directional|KXBTC15M-26APR051415-15
2026-04-05 20:04:22,UP,2.32,PLACED,0.00%,directional|KXBTC15M-26APR051615-15
2026-04-05 20:21:21,UP,2.32,WIN,72.41%,directional|KXBTC15M-26APR051615-15
2026-04-05 21:47:22,UP,4.17,PLACED,0.00%,directional|KXBTC15M-26APR051800-00
2026-04-05 22:03:22,UP,2.00,PLACED,0.00%,directional|KXBTC15M-26APR051815-15
2026-04-05 22:03:23,UP,4.17,WIN,91.85%,directional|KXBTC15M-26APR051800-00
2026-04-06 02:34:08,UP,3.67,PLACED,0.00%,directional|KXBTC15M-26APR052245-45
2026-04-06 02:49:08,UP,2.19,PLACED,0.00%,directional|KXBTC15M-26APR052300-00
2026-04-06 03:06:05,UP,2.19,WIN,82.65%,directional|KXBTC15M-26APR052300-00
2026-04-06 14:49:29,DOWN,3.97,PLACED,0.00%,directional|KXBTC15M-26APR061100-00
2026-04-06 16:48:29,UP,4.32,PLACED,0.00%,directional|KXBTC15M-26APR061300-00
2026-04-09 16:02:43,UP,3.53,PLACED,0.00%,directional|KXBTC15M-26APR091215-15
2026-04-09 16:18:45,UP,3.53,WIN,98.30%,directional|KXBTC15M-26APR091215-15
2026-04-09 16:34:45,DOWN,4.28,PLACED,0.00%,directional|KXBTC15M-26APR091245-45
2026-04-09 16:48:47,DOWN,4.63,PLACED,0.00%,directional|KXBTC15M-26APR091300-00
2026-04-09 16:51:41,DOWN,4.28,WIN,86.92%,directional|KXBTC15M-26APR091245-45
2026-04-10 03:49:35,DOWN,5.00,PLACED,0.00%,directional|KXBTC15M-26APR100000-00
2026-04-10 04:06:35,DOWN,5.00,WIN,100.00%,directional|KXBTC15M-26APR100000-00
2026-04-10 08:49:36,DOWN,8.75,PLACED,0.00%,directional|KXBTC15M-26APR100500-00
2026-04-10 09:05:39,DOWN,8.75,WIN,94.29%,directional|KXBTC15M-26APR100500-00
2026-04-10 09:48:40,DOWN,4.00,PLACED,0.00%,directional|KXBTC15M-26APR100600-00
2026-04-10 11:04:36,UP,7.00,PLACED,0.00%,directional|KXBTC15M-26APR100715-15
2026-04-10 11:21:39,UP,7.00,WIN,100.00%,directional|KXBTC15M-26APR100715-15
2026-04-10 11:47:36,DOWN,5.40,PLACED,0.00%,directional|KXBTC15M-26APR100800-00
2026-04-10 16:04:37,UP,4.32,PLACED,0.00%,directional|KXBTC15M-26APR101215-15
2026-04-10 16:21:35,UP,4.32,WIN,85.19%,directional|KXBTC15M-26APR101215-15
2026-04-10 17:03:37,DOWN,4.05,PLACED,0.00%,directional|KXBTC15M-26APR101315-15
2026-04-10 17:19:39,UP,3.60,PLACED,0.00%,directional|KXBTC15M-26APR101330-30
2026-04-10 17:19:41,DOWN,4.05,WIN,97.53%,directional|KXBTC15M-26APR101315-15
2026-04-10 17:36:36,UP,3.60,WIN,94.44%,directional|KXBTC15M-26APR101330-30
2026-04-10 19:04:37,UP,4.60,PLACED,0.00%,directional|KXBTC15M-26APR101515-15
2026-04-10 20:31:38,UP,5.80,PLACED,0.00%,directional|KXBTC15M-26APR101645-45
2026-04-10 23:02:10,DOWN,6.54,PLACED,0.00%,directional|KXBTC15M-26APR101915-15
2026-04-11 00:04:15,DOWN,3.35,PLACED,0.00%,directional|KXBTC15M-26APR102015-15
2026-04-11 00:21:07,DOWN,3.35,WIN,79.10%,directional|KXBTC15M-26APR102015-15
2026-04-11 00:33:10,DOWN,2.78,PLACED,0.00%,directional|KXBTC15M-26APR102045-45
2026-04-11 00:47:10,DOWN,2.54,PLACED,0.00%,directional|KXBTC15M-26APR102100-00
2026-04-11 01:04:17,DOWN,2.54,WIN,96.85%,directional|KXBTC15M-26APR102100-00
2026-04-11 01:16:11,DOWN,2.40,PLACED,0.00%,directional|KXBTC15M-26APR102130-30
2026-04-11 01:33:06,DOWN,2.40,WIN,66.67%,directional|KXBTC15M-26APR102130-30
2026-04-11 01:48:10,UP,2.00,PLACED,0.00%,directional|KXBTC15M-26APR102200-00
2026-04-11 02:05:07,UP,2.00,WIN,100.00%,directional|KXBTC15M-26APR102200-00
2026-04-11 02:33:10,UP,5.40,PLACED,0.00%,directional|KXBTC15M-26APR102245-45
2026-04-11 03:25:50,DOWN,8.40,PLACED,0.00%,directional|KXBTC15M-26APR102330-30
2026-04-11 03:35:51,DOWN,7.00,PLACED,0.00%,directional|KXBTC15M-26APR102345-45
2026-04-11 03:42:52,DOWN,8.40,WIN,90.48%,directional|KXBTC15M-26APR102330-30
2026-04-11 03:51:53,DOWN,7.00,WIN,100.00%,directional|KXBTC15M-26APR102345-45
2026-04-11 04:23:55,DOWN,6.17,PLACED,0.00%,directional|KXBTC15M-26APR110030-30
2026-04-11 04:35:30,UP,3.10,PLACED,0.00%,directional|KXBTC15M-26APR110045-45
2026-04-11 04:52:25,UP,3.10,WIN,29.03%,directional|KXBTC15M-26APR110045-45
2026-04-11 06:03:30,DOWN,22.61,PLACED,0.00%,directional|KXBTC15M-26APR110215-15
2026-04-11 06:10:33,DOWN,23.47,PLACED,0.00%,directional|KXBTC15M-26APR110215-15
2026-04-11 06:27:25,DOWN,23.47,WIN,6.52%,directional|KXBTC15M-26APR110215-15
2026-04-11 06:40:30,UP,20.17,PLACED,0.00%,directional|KXBTC15M-26APR110245-45
2026-04-11 06:57:28,UP,20.19,PLACED,0.00%,directional|KXBTC15M-26APR110300-00
2026-04-11 06:57:29,UP,20.17,WIN,18.99%,directional|KXBTC15M-26APR110245-45
2026-04-11 07:14:25,UP,20.19,WIN,-0.94%,directional|KXBTC15M-26APR110300-00
2026-04-11 07:24:29,UP,21.00,PLACED,0.00%,directional|KXBTC15M-26APR110330-30
2026-04-11 07:40:30,UP,21.00,WIN,0.00%,directional|KXBTC15M-26APR110330-30
2026-04-11 07:54:36,DOWN,29.71,PLACED,0.00%,directional|KXBTC15M-26APR110400-00
2026-04-11 08:11:30,DOWN,29.71,WIN,0.98%,directional|KXBTC15M-26APR110400-00
2026-04-11 08:23:34,UP,15.47,PLACED,0.00%,directional|KXBTC15M-26APR110430-30
2026-04-11 08:39:38,DOWN,23.89,PLACED,0.00%,directional|KXBTC15M-26APR110445-45
2026-04-11 08:56:30,DOWN,23.89,WIN,8.83%,directional|KXBTC15M-26APR110445-45
2026-04-11 09:09:34,DOWN,24.91,PLACED,0.00%,directional|KXBTC15M-26APR110515-15
2026-04-11 09:26:31,DOWN,24.91,WIN,0.36%,directional|KXBTC15M-26APR110515-15
2026-04-11 09:40:34,DOWN,24.14,PLACED,0.00%,directional|KXBTC15M-26APR110545-45
2026-04-11 09:57:30,DOWN,24.14,WIN,15.99%,directional|KXBTC15M-26APR110545-45
2026-04-11 10:07:34,DOWN,23.05,PLACED,0.00%,directional|KXBTC15M-26APR110615-15
2026-04-11 10:23:34,UP,21.22,PLACED,0.00%,directional|KXBTC15M-26APR110630-30
2026-04-11 10:24:32,DOWN,23.05,WIN,21.48%,directional|KXBTC15M-26APR110615-15
2026-04-11 10:40:35,DOWN,31.08,PLACED,0.00%,directional|KXBTC15M-26APR110645-45
2026-04-11 10:40:37,UP,21.22,WIN,13.10%,directional|KXBTC15M-26APR110630-30
2026-04-11 10:52:35,UP,21.31,PLACED,0.00%,directional|KXBTC15M-26APR110700-00
2026-04-11 10:57:37,DOWN,31.08,WIN,2.96%,directional|KXBTC15M-26APR110645-45
2026-04-11 11:09:30,UP,21.31,WIN,17.32%,directional|KXBTC15M-26APR110700-00
2026-04-11 11:21:34,DOWN,15.95,PLACED,0.00%,directional|KXBTC15M-26APR110730-30
2026-04-11 11:53:34,UP,21.90,PLACED,0.00%,directional|KXBTC15M-26APR110800-00
2026-04-11 12:05:35,UP,7.53,PLACED,0.00%,directional|KXBTC15M-26APR110815-15
2026-04-11 12:09:36,UP,21.90,WIN,5.02%,directional|KXBTC15M-26APR110800-00
2026-04-11 12:16:34,UP,6.71,PLACED,0.00%,directional|KXBTC15M-26APR110830-30
2026-04-11 12:25:36,DOWN,8.03,PLACED,0.00%,directional|KXBTC15M-26APR110830-30
2026-04-11 12:36:34,UP,6.89,PLACED,0.00%,directional|KXBTC15M-26APR110845-45
2026-04-11 12:42:37,DOWN,8.03,WIN,-0.37%,directional|KXBTC15M-26APR110830-30
2026-04-11 13:01:22,DOWN,9.78,PLACED,0.00%,directional|KXBTC15M-26APR110915-15
2026-04-11 13:18:20,DOWN,9.78,WIN,12.47%,directional|KXBTC15M-26APR110915-15
2026-04-11 13:20:28,UP,8.35,PLACED,0.00%,directional|KXBTC15M-26APR110930-30
2026-04-11 13:39:53,DOWN,6.46,PLACED,0.00%,directional|KXBTC15M-26APR110945-45
2026-04-11 14:10:32,UP,22.43,PLACED,0.00%,directional|KXBTC15M-26APR111015-15
2026-04-11 14:21:32,UP,21.36,PLACED,0.00%,directional|KXBTC15M-26APR111030-30
2026-04-11 14:27:31,UP,22.43,WIN,7.00%,directional|KXBTC15M-26APR111015-15
2026-04-11 14:32:31,DOWN,19.45,PLACED,0.00%,directional|KXBTC15M-26APR111045-45
2026-04-11 14:38:32,UP,21.36,WIN,17.04%,directional|KXBTC15M-26APR111030-30
2026-04-11 14:49:32,DOWN,19.45,WIN,28.53%,directional|KXBTC15M-26APR111045-45
2026-04-11 14:53:15,UP,26.52,PLACED,0.00%,directional|KXBTC15M-26APR111100-00
2026-04-11 15:10:17,UP,26.52,WIN,9.35%,directional|KXBTC15M-26APR111100-00
2026-04-11 15:18:16,UP,26.80,PLACED,0.00%,directional|KXBTC15M-26APR111130-30
2026-04-11 15:35:14,UP,26.80,WIN,8.21%,directional|KXBTC15M-26APR111130-30
2026-04-11 15:42:15,DOWN,27.11,PLACED,0.00%,directional|KXBTC15M-26APR111145-45
2026-04-11 15:53:16,UP,28.43,PLACED,0.00%,directional|KXBTC15M-26APR111200-00
2026-04-11 15:59:13,DOWN,27.11,WIN,14.35%,directional|KXBTC15M-26APR111145-45
2026-04-11 16:07:14,DOWN,25.66,PLACED,0.00%,directional|KXBTC15M-26APR111215-15
2026-04-11 16:10:15,UP,28.43,WIN,9.04%,directional|KXBTC15M-26APR111200-00
2026-04-11 16:49:35,UP,18.06,ATTEMPTING,0.00%,directional|KXBTC15M-26APR111300-00
2026-04-11 17:06:37,DOWN,15.59,ATTEMPTING,0.00%,directional|KXBTC15M-26APR111315-15
2026-04-11 17:06:38,DOWN,15.59,PLACED,0.00%,directional|KXBTC15M-26APR111315-15
2026-04-11 17:16:36,DOWN,9.55,ATTEMPTING,0.00%,directional|KXBTC15M-26APR111330-30
2026-04-11 17:16:37,DOWN,9.55,PLACED,0.00%,directional|KXBTC15M-26APR111330-30
2026-04-11 17:23:36,DOWN,15.59,WIN,21.87%,directional|KXBTC15M-26APR111315-15
2026-04-11 17:26:37,UP,14.53,ATTEMPTING,0.00%,directional|KXBTC15M-26APR111330-30
2026-04-11 17:26:38,UP,14.53,PLACED,0.00%,directional|KXBTC15M-26APR111330-30
2026-04-11 17:33:44,UP,8.54,ATTEMPTING,0.00%,directional|KXBTC15M-26APR111345-45
2026-04-11 17:36:37,UP,13.00,ATTEMPTING,0.00%,directional|KXBTC15M-26APR111345-45
2026-04-11 17:36:38,UP,13.00,PLACED,0.00%,directional|KXBTC15M-26APR111345-45
2026-04-11 17:43:41,UP,14.53,WIN,3.23%,directional|KXBTC15M-26APR111330-30
2026-04-11 17:49:38,DOWN,15.91,ATTEMPTING,0.00%,directional|KXBTC15M-26APR111400-00
2026-04-11 17:49:39,DOWN,15.91,PLACED,0.00%,directional|KXBTC15M-26APR111400-00
2026-04-11 17:53:46,UP,13.00,WIN,7.69%,directional|KXBTC15M-26APR111345-45
2026-04-11 18:05:37,DOWN,12.39,ATTEMPTING,0.00%,directional|KXBTC15M-26APR111415-15
2026-04-11 18:05:38,DOWN,12.39,PLACED,0.00%,directional|KXBTC15M-26APR111415-15
2026-04-11 18:06:33,DOWN,15.91,WIN,19.42%,directional|KXBTC15M-26APR111400-00
2026-04-11 18:19:41,UP,11.10,ATTEMPTING,0.00%,directional|KXBTC15M-26APR111430-30
2026-04-11 18:22:37,UP,11.20,ATTEMPTING,0.00%,directional|KXBTC15M-26APR111430-30
2026-04-11 18:27:37,UP,12.47,ATTEMPTING,0.00%,directional|KXBTC15M-26APR111430-30
2026-04-11 18:40:37,UP,16.25,ATTEMPTING,0.00%,directional|KXBTC15M-26APR111445-45
2026-04-11 18:57:38,UP,12.61,ATTEMPTING,0.00%,directional|KXBTC15M-26APR111500-00
2026-04-11 18:57:39,UP,12.61,PLACED,0.00%,directional|KXBTC15M-26APR111500-00
2026-04-11 19:11:40,UP,22.07,ATTEMPTING,0.00%,directional|KXBTC15M-26APR111515-15
2026-04-11 19:14:35,UP,12.61,WIN,3.09%,directional|KXBTC15M-26APR111500-00
2026-04-11 19:21:37,DOWN,14.04,ATTEMPTING,0.00%,directional|KXBTC15M-26APR111530-30
2026-04-11 19:24:37,DOWN,23.59,ATTEMPTING,0.00%,directional|KXBTC15M-26APR111530-30
2026-04-11 19:37:44,UP,10.54,ATTEMPTING,0.00%,directional|KXBTC15M-26APR111545-45
2026-04-11 19:37:45,UP,10.54,PLACED,0.00%,directional|KXBTC15M-26APR111545-45
2026-04-11 19:51:19,DOWN,14.88,ATTEMPTING,0.00%,directional|KXBTC15M-26APR111600-00
2026-04-11 19:57:21,DOWN,20.77,ATTEMPTING,0.00%,directional|KXBTC15M-26APR111600-00
2026-04-11 20:03:19,DOWN,13.15,ATTEMPTING,0.00%,directional|KXBTC15M-26APR111615-15
2026-04-11 20:07:20,DOWN,13.39,ATTEMPTING,0.00%,directional|KXBTC15M-26APR111615-15
2026-04-11 20:10:26,DOWN,13.38,ATTEMPTING,0.00%,directional|KXBTC15M-26APR111615-15
2026-04-11 20:16:18,DOWN,6.79,ATTEMPTING,0.00%,directional|KXBTC15M-26APR111630-30
2026-04-11 20:16:19,DOWN,6.79,PLACED,0.00%,directional|KXBTC15M-26APR111630-30
2026-04-11 20:32:20,DOWN,11.80,ATTEMPTING,0.00%,directional|KXBTC15M-26APR111645-45
2026-04-11 20:32:21,DOWN,11.80,PLACED,0.00%,directional|KXBTC15M-26APR111645-45
2026-04-11 20:32:22,DOWN,6.79,WIN,32.55%,directional|KXBTC15M-26APR111630-30
2026-04-11 20:49:25,DOWN,11.80,WIN,10.17%,directional|KXBTC15M-26APR111645-45
2026-04-11 20:53:20,UP,12.50,ATTEMPTING,0.00%,directional|KXBTC15M-26APR111700-00
2026-04-11 21:10:20,UP,19.89,ATTEMPTING,0.00%,directional|KXBTC15M-26APR111715-15
2026-04-11 21:10:21,UP,19.89,PLACED,0.00%,directional|KXBTC15M-26APR111715-15
2026-04-11 21:22:21,DOWN,15.76,ATTEMPTING,0.00%,directional|KXBTC15M-26APR111730-30
2026-04-11 21:27:21,DOWN,26.27,ATTEMPTING,0.00%,directional|KXBTC15M-26APR111730-30
2026-04-11 21:35:22,UP,21.89,ATTEMPTING,0.00%,directional|KXBTC15M-26APR111745-45
2026-04-11 21:35:23,UP,21.89,PLACED,0.00%,directional|KXBTC15M-26APR111745-45
2026-04-11 21:53:59,UP,13.20,ATTEMPTING,0.00%,directional|KXBTC15M-26APR111800-00
2026-04-11 22:08:59,UP,3.52,ATTEMPTING,0.00%,directional|KXBTC15M-26APR111815-15
2026-04-11 22:25:58,DOWN,4.66,ATTEMPTING,0.00%,directional|KXBTC15M-26APR111830-30
2026-04-11 22:31:58,DOWN,3.91,ATTEMPTING,0.00%,directional|KXBTC15M-26APR111845-45
2026-04-11 22:34:58,DOWN,4.70,ATTEMPTING,0.00%,directional|KXBTC15M-26APR111845-45
2026-04-11 22:39:58,DOWN,4.76,ATTEMPTING,0.00%,directional|KXBTC15M-26APR111845-45
2026-04-11 22:42:59,DOWN,3.97,ATTEMPTING,0.00%,directional|KXBTC15M-26APR111845-45
2026-04-11 22:54:34,DOWN,3.86,ATTEMPTING,0.00%,directional|KXBTC15M-26APR111900-00
2026-04-11 23:03:34,DOWN,13.08,ATTEMPTING,0.00%,directional|KXBTC15M-26APR111915-15
2026-04-11 23:03:34,DOWN,13.08,PLACED,0.00%,directional|KXBTC15M-26APR111915-15
2026-04-11 23:19:12,UP,7.38,ATTEMPTING,0.00%,directional|KXBTC15M-26APR111930-30
2026-04-11 23:24:12,UP,12.33,ATTEMPTING,0.00%,directional|KXBTC15M-26APR111930-30
2026-04-11 23:33:10,DOWN,11.86,ATTEMPTING,0.00%,directional|KXBTC15M-26APR111945-45
2026-04-11 23:33:11,DOWN,11.86,PLACED,0.00%,directional|KXBTC15M-26APR111945-45
2026-04-11 23:41:10,DOWN,15.01,ATTEMPTING,0.00%,directional|KXBTC15M-26APR111945-45
2026-04-11 23:53:11,DOWN,15.25,ATTEMPTING,0.00%,directional|KXBTC15M-26APR112000-00
2026-04-11 23:53:12,DOWN,15.25,PLACED,0.00%,directional|KXBTC15M-26APR112000-00
2026-04-12 00:04:12,DOWN,7.28,ATTEMPTING,0.00%,directional|KXBTC15M-26APR112015-15
2026-04-12 00:07:11,DOWN,5.64,ATTEMPTING,0.00%,directional|KXBTC15M-26APR112015-15
2026-04-12 00:10:10,DOWN,6.82,ATTEMPTING,0.00%,directional|KXBTC15M-26APR112015-15
2026-04-12 00:10:11,DOWN,6.82,PLACED,0.00%,directional|KXBTC15M-26APR112015-15
2026-04-12 00:10:12,DOWN,15.25,WIN,11.48%,directional|KXBTC15M-26APR112000-00
2026-04-12 00:23:10,UP,6.50,ATTEMPTING,0.00%,directional|KXBTC15M-26APR112030-30
2026-04-12 00:27:12,DOWN,6.82,WIN,17.30%,directional|KXBTC15M-26APR112015-15
2026-04-12 00:38:10,UP,5.99,ATTEMPTING,0.00%,directional|KXBTC15M-26APR112045-45
2026-04-12 00:38:11,UP,5.99,PLACED,0.00%,directional|KXBTC15M-26APR112045-45
2026-04-12 00:53:10,UP,7.67,ATTEMPTING,0.00%,directional|KXBTC15M-26APR112100-00
2026-04-12 01:03:42,UP,3.57,ATTEMPTING,0.00%,directional|KXBTC15M-26APR112115-15
2026-04-12 01:03:43,UP,3.57,PLACED,0.00%,directional|KXBTC15M-26APR112115-15
2026-04-12 01:06:42,DOWN,5.69,ATTEMPTING,0.00%,directional|KXBTC15M-26APR112115-15
2026-04-12 01:09:44,DOWN,4.39,ATTEMPTING,0.00%,directional|KXBTC15M-26APR112115-15
2026-04-12 01:09:44,DOWN,4.39,PLACED,0.00%,directional|KXBTC15M-26APR112115-15
2026-04-12 01:12:44,UP,3.92,ATTEMPTING,0.00%,directional|KXBTC15M-26APR112115-15
2026-04-12 01:38:15,DOWN,5.60,ATTEMPTING,0.00%,directional|KXBTC15M-26APR112145-45
2026-04-12 01:52:15,DOWN,4.55,ATTEMPTING,0.00%,directional|KXBTC15M-26APR112200-00
2026-04-12 01:52:16,DOWN,4.55,PLACED,0.00%,directional|KXBTC15M-26APR112200-00
2026-04-12 02:06:00,DOWN,13.20,ATTEMPTING,0.00%,directional|KXBTC15M-26APR112215-15
2026-04-12 02:06:01,DOWN,13.20,PLACED,0.00%,directional|KXBTC15M-26APR112215-15
2026-04-12 02:34:55,UP,9.16,ATTEMPTING,0.00%,directional|KXBTC15M-26APR112245-45
2026-04-12 02:34:56,UP,9.16,PLACED,0.00%,directional|KXBTC15M-26APR112245-45
2026-04-12 02:48:54,DOWN,7.47,ATTEMPTING,0.00%,directional|KXBTC15M-26APR112300-00
2026-04-12 02:48:55,DOWN,7.47,PLACED,0.00%,directional|KXBTC15M-26APR112300-00
2026-04-12 02:51:52,UP,9.16,WIN,20.09%,directional|KXBTC15M-26APR112245-45
2026-04-12 03:04:54,UP,9.81,ATTEMPTING,0.00%,directional|KXBTC15M-26APR112315-15
2026-04-12 03:04:54,UP,9.81,PLACED,0.00%,directional|KXBTC15M-26APR112315-15
2026-04-12 03:05:54,DOWN,7.47,WIN,33.87%,directional|KXBTC15M-26APR112300-00
2026-04-12 03:11:54,DOWN,15.84,ATTEMPTING,0.00%,directional|KXBTC15M-26APR112315-15
2026-04-12 03:11:55,DOWN,15.84,PLACED,0.00%,directional|KXBTC15M-26APR112315-15
2026-04-12 03:22:55,DOWN,15.84,ATTEMPTING,0.00%,directional|KXBTC15M-26APR112330-30
2026-04-12 03:28:53,DOWN,15.84,WIN,1.01%,directional|KXBTC15M-26APR112315-15
2026-04-12 03:37:38,DOWN,10.56,ATTEMPTING,0.00%,directional|KXBTC15M-26APR112345-45
2026-04-12 04:11:38,DOWN,8.21,ATTEMPTING,0.00%,directional|KXBTC15M-26APR120015-15
2026-04-12 04:54:39,DOWN,6.90,ATTEMPTING,0.00%,directional|KXBTC15M-26APR120100-00
2026-04-12 04:54:39,DOWN,27.03,PLACED,0.00%,directional|KXBTC15M-26APR120100-00
2026-04-12 05:09:15,UP,7.44,ATTEMPTING,0.00%,directional|KXBTC15M-26APR120115-15
2026-04-12 05:09:16,UP,6.72,PLACED,0.00%,directional|KXBTC15M-26APR120115-15
2026-04-12 05:10:44,DOWN,27.03,WIN,10.99%,directional|KXBTC15M-26APR120100-00
2026-04-12 05:22:44,UP,7.34,ATTEMPTING,0.00%,directional|KXBTC15M-26APR120130-30
2026-04-12 05:22:45,UP,6.58,PLACED,0.00%,directional|KXBTC15M-26APR120130-30
2026-04-12 05:25:24,UP,6.72,WIN,4.17%,directional|KXBTC15M-26APR120115-15
2026-04-12 05:38:53,UP,6.58,WIN,6.38%,directional|KXBTC15M-26APR120130-30
2026-04-12 05:49:26,UP,6.98,ATTEMPTING,0.00%,directional|KXBTC15M-26APR120200-00
2026-04-12 05:49:27,UP,6.64,PLACED,0.00%,directional|KXBTC15M-26APR120200-00
2026-04-12 06:05:32,UP,6.64,WIN,20.48%,directional|KXBTC15M-26APR120200-00
2026-04-12 06:13:03,UP,11.88,ATTEMPTING,0.00%,directional|KXBTC15M-26APR120215-15
2026-04-12 06:13:03,UP,11.14,PLACED,0.00%,directional|KXBTC15M-26APR120215-15
2026-04-12 06:20:18,DOWN,14.03,ATTEMPTING,0.00%,directional|KXBTC15M-26APR120230-30
2026-04-12 06:29:07,UP,11.14,WIN,7.72%,directional|KXBTC15M-26APR120215-15
2026-04-12 06:33:39,DOWN,9.50,ATTEMPTING,0.00%,directional|KXBTC15M-26APR120245-45
2026-04-12 06:41:39,DOWN,15.84,ATTEMPTING,0.00%,directional|KXBTC15M-26APR120245-45
2026-04-12 06:41:39,DOWN,28.20,PLACED,0.00%,directional|KXBTC15M-26APR120245-45
2026-04-12 06:57:45,DOWN,28.20,WIN,6.38%,directional|KXBTC15M-26APR120245-45
2026-04-12 07:04:17,DOWN,12.22,ATTEMPTING,0.00%,directional|KXBTC15M-26APR120315-15
2026-04-12 07:04:17,DOWN,23.10,PLACED,0.00%,directional|KXBTC15M-26APR120315-15
2026-04-12 07:20:36,DOWN,10.86,ATTEMPTING,0.00%,directional|KXBTC15M-26APR120330-30
2026-04-12 07:20:36,DOWN,22.20,PLACED,0.00%,directional|KXBTC15M-26APR120330-30
2026-04-12 07:36:46,DOWN,22.20,WIN,35.14%,directional|KXBTC15M-26APR120330-30
2026-04-12 07:37:15,UP,13.20,ATTEMPTING,0.00%,directional|KXBTC15M-26APR120345-45
2026-04-12 07:42:15,UP,13.20,ATTEMPTING,0.00%,directional|KXBTC15M-26APR120345-45
2026-04-12 07:51:17,DOWN,12.22,ATTEMPTING,0.00%,directional|KXBTC15M-26APR120400-00
2026-04-12 08:03:15,DOWN,9.50,ATTEMPTING,0.00%,directional|KXBTC15M-26APR120415-15
2026-04-12 08:11:15,DOWN,19.80,ATTEMPTING,0.00%,directional|KXBTC15M-26APR120415-15
2026-04-12 08:24:16,UP,13.20,ATTEMPTING,0.00%,directional|KXBTC15M-26APR120430-30
2026-04-12 08:39:15,UP,12.45,ATTEMPTING,0.00%,directional|KXBTC15M-26APR120445-45
2026-04-12 08:42:17,UP,13.20,ATTEMPTING,0.00%,directional|KXBTC15M-26APR120445-45
2026-04-12 08:42:17,UP,12.83,PLACED,0.00%,directional|KXBTC15M-26APR120445-45
2026-04-12 08:47:25,DOWN,15.84,ATTEMPTING,0.00%,directional|KXBTC15M-26APR120500-00
2026-04-12 08:50:30,DOWN,19.80,ATTEMPTING,0.00%,directional|KXBTC15M-26APR120500-00
2026-04-12 08:50:30,DOWN,28.62,PLACED,0.00%,directional|KXBTC15M-26APR120500-00
2026-04-12 08:58:32,UP,12.83,WIN,-6.47%,directional|KXBTC15M-26APR120445-45
2026-04-12 09:04:14,DOWN,13.20,ATTEMPTING,0.00%,directional|KXBTC15M-26APR120515-15
2026-04-12 09:06:47,DOWN,28.62,WIN,4.82%,directional|KXBTC15M-26APR120500-00
2026-04-12 09:09:22,DOWN,19.80,ATTEMPTING,0.00%,directional|KXBTC15M-26APR120515-15
2026-04-12 09:09:22,DOWN,28.80,PLACED,0.00%,directional|KXBTC15M-26APR120515-15
2026-04-12 09:22:51,UP,13.20,ATTEMPTING,0.00%,directional|KXBTC15M-26APR120530-30
2026-04-12 09:22:51,UP,12.46,PLACED,0.00%,directional|KXBTC15M-26APR120530-30
2026-04-12 09:25:04,UP,11.88,ATTEMPTING,0.00%,directional|KXBTC15M-26APR120530-30
2026-04-12 09:27:24,DOWN,28.80,WIN,4.17%,directional|KXBTC15M-26APR120515-15
2026-04-12 09:39:44,DOWN,13.13,ATTEMPTING,0.00%,directional|KXBTC15M-26APR120545-45
2026-04-12 09:39:44,DOWN,23.70,PLACED,0.00%,directional|KXBTC15M-26APR120545-45
2026-04-12 09:49:02,DOWN,11.32,ATTEMPTING,0.00%,directional|KXBTC15M-26APR120600-00
2026-04-12 09:52:19,DOWN,12.67,ATTEMPTING,0.00%,directional|KXBTC15M-26APR120600-00
2026-04-12 09:52:20,DOWN,23.40,PLACED,0.00%,directional|KXBTC15M-26APR120600-00
2026-04-12 09:55:56,DOWN,23.70,WIN,22.36%,directional|KXBTC15M-26APR120545-45
2026-04-12 10:08:24,DOWN,23.40,WIN,23.93%,directional|KXBTC15M-26APR120600-00
2026-04-12 10:08:55,UP,13.20,ATTEMPTING,0.00%,directional|KXBTC15M-26APR120615-15
2026-04-12 10:08:55,UP,12.84,PLACED,0.00%,directional|KXBTC15M-26APR120615-15
2026-04-12 10:24:34,UP,13.20,ATTEMPTING,0.00%,directional|KXBTC15M-26APR120630-30
2026-04-12 10:25:08,UP,12.84,WIN,-6.54%,directional|KXBTC15M-26APR120615-15
2026-04-12 10:33:37,DOWN,9.05,ATTEMPTING,0.00%,directional|KXBTC15M-26APR120645-45
2026-04-12 10:37:42,DOWN,15.84,ATTEMPTING,0.00%,directional|KXBTC15M-26APR120645-45
2026-04-12 10:37:43,DOWN,27.96,PLACED,0.00%,directional|KXBTC15M-26APR120645-45
2026-04-12 10:51:59,UNKNOWN,27.50,LOSS,0.00%,restored|KXBTC15M-26APR120645-45
2026-04-12 10:55:22,DOWN,19.80,ATTEMPTING,0.00%,directional|KXBTC15M-26APR120700-00
2026-04-12 10:55:23,DOWN,29.37,PLACED,0.00%,directional|KXBTC15M-26APR120700-00
2026-04-12 11:11:37,DOWN,29.37,WIN,2.15%,directional|KXBTC15M-26APR120700-00
2026-04-12 11:34:55,DOWN,15.84,ATTEMPTING,0.00%,directional|KXBTC15M-26APR120745-45
2026-04-12 11:37:59,DOWN,15.84,ATTEMPTING,0.00%,directional|KXBTC15M-26APR120745-45
2026-04-12 11:38:00,DOWN,27.30,PLACED,0.00%,directional|KXBTC15M-26APR120745-45
2026-04-12 11:42:02,DOWN,15.84,ATTEMPTING,0.00%,directional|KXBTC15M-26APR120745-45
2026-04-12 11:55:02,UP,12.07,ATTEMPTING,0.00%,directional|KXBTC15M-26APR120800-00
2026-04-12 12:02:03,DOWN,6.83,ATTEMPTING,0.00%,directional|KXBTC15M-26APR120815-15
2026-04-12 12:08:01,DOWN,9.56,ATTEMPTING,0.00%,directional|KXBTC15M-26APR120815-15
2026-04-12 12:08:02,DOWN,28.95,PLACED,0.00%,directional|KXBTC15M-26APR120815-15
2026-04-12 12:24:09,DOWN,28.95,WIN,3.63%,directional|KXBTC15M-26APR120815-15
2026-04-12 12:27:42,UP,8.62,ATTEMPTING,0.00%,directional|KXBTC15M-26APR120830-30
2026-04-12 12:27:42,UP,8.26,PLACED,0.00%,directional|KXBTC15M-26APR120830-30
2026-04-12 12:40:08,UP,6.77,ATTEMPTING,0.00%,directional|KXBTC15M-26APR120845-45
2026-04-12 12:44:00,UP,8.26,WIN,-3.15%,directional|KXBTC15M-26APR120830-30
2026-04-12 12:50:17,DOWN,9.24,ATTEMPTING,0.00%,directional|KXBTC15M-26APR120900-00
2026-04-12 12:53:16,DOWN,10.01,ATTEMPTING,0.00%,directional|KXBTC15M-26APR120900-00
2026-04-12 12:57:37,DOWN,12.01,ATTEMPTING,0.00%,directional|KXBTC15M-26APR120900-00
2026-04-12 13:01:37,DOWN,8.18,ATTEMPTING,0.00%,directional|KXBTC15M-26APR120915-15
2026-04-12 13:04:39,DOWN,7.26,ATTEMPTING,0.00%,directional|KXBTC15M-26APR120915-15
2026-04-12 13:08:37,DOWN,9.24,ATTEMPTING,0.00%,directional|KXBTC15M-26APR120915-15
2026-04-12 13:08:38,DOWN,8.50,PLACED,0.00%,directional|KXBTC15M-26APR120915-15
2026-04-12 13:11:39,DOWN,7.52,ATTEMPTING,0.00%,directional|KXBTC15M-26APR120915-15
2026-04-12 14:07:39,UP,13.20,ATTEMPTING,0.00%,directional|KXBTC15M-26APR121015-15
2026-04-12 14:10:41,UP,11.88,ATTEMPTING,0.00%,directional|KXBTC15M-26APR121015-15
2026-04-12 14:10:42,UP,11.63,PLACED,0.00%,directional|KXBTC15M-26APR121015-15
2026-04-12 14:16:56,UP,9.43,ATTEMPTING,0.00%,directional|KXBTC15M-26APR121030-30
2026-04-12 14:16:57,UP,9.00,PLACED,0.00%,directional|KXBTC15M-26APR121030-30
2026-04-12 14:26:56,UP,11.63,WIN,3.18%,directional|KXBTC15M-26APR121015-15
2026-04-12 14:33:03,UP,9.00,WIN,33.33%,directional|KXBTC15M-26APR121030-30
2026-04-12 14:55:49,DOWN,15.84,ATTEMPTING,0.00%,directional|KXBTC15M-26APR121100-00
2026-04-12 15:35:51,UP,7.80,ATTEMPTING,0.00%,directional|KXBTC15M-26APR121145-45
2026-04-12 16:19:49,DOWN,11.77,ATTEMPTING,0.00%,directional|KXBTC15M-26APR121230-30
2026-04-12 16:22:50,DOWN,12.45,ATTEMPTING,0.00%,directional|KXBTC15M-26APR121230-30
2026-04-12 16:22:52,DOWN,11.62,PLACED,0.00%,directional|KXBTC15M-26APR121230-30
2026-04-12 17:23:00,UP,11.84,ATTEMPTING,0.00%,directional|KXBTC15M-26APR121330-30
2026-04-12 17:23:01,UP,11.44,PLACED,0.00%,directional|KXBTC15M-26APR121330-30
2026-04-12 17:39:16,UP,11.44,WIN,13.64%,directional|KXBTC15M-26APR121330-30
2026-04-12 17:48:34,DOWN,7.02,ATTEMPTING,0.00%,directional|KXBTC15M-26APR121400-00
2026-04-12 17:48:34,DOWN,6.30,PLACED,0.00%,directional|KXBTC15M-26APR121400-00
2026-04-12 18:11:41,UP,10.06,ATTEMPTING,0.00%,directional|KXBTC15M-26APR121415-15
2026-04-12 18:22:38,DOWN,10.89,ATTEMPTING,0.00%,directional|KXBTC15M-26APR121430-30
2026-04-12 18:22:38,DOWN,10.66,PLACED,0.00%,directional|KXBTC15M-26APR121430-30
2026-04-12 18:33:01,UP,6.59,ATTEMPTING,0.00%,directional|KXBTC15M-26APR121445-45
2026-04-12 18:33:01,UP,6.48,PLACED,0.00%,directional|KXBTC15M-26APR121445-45
2026-04-12 18:38:56,DOWN,10.66,WIN,21.95%,directional|KXBTC15M-26APR121430-30
2026-04-12 18:49:04,UP,6.48,WIN,38.89%,directional|KXBTC15M-26APR121445-45
2026-04-12 19:27:52,DOWN,15.84,ATTEMPTING,0.00%,directional|KXBTC15M-26APR121530-30
2026-04-12 20:07:52,DOWN,14.05,ATTEMPTING,0.00%,directional|KXBTC15M-26APR121615-15
2026-04-12 20:10:52,DOWN,14.05,ATTEMPTING,0.00%,directional|KXBTC15M-26APR121615-15
2026-04-12 20:16:53,DOWN,10.03,ATTEMPTING,0.00%,directional|KXBTC15M-26APR121630-30
2026-04-12 20:27:52,UP,11.39,ATTEMPTING,0.00%,directional|KXBTC15M-26APR121630-30
2026-04-12 20:27:52,UP,10.85,PLACED,0.00%,directional|KXBTC15M-26APR121630-30
2026-04-12 20:35:06,UP,9.95,ATTEMPTING,0.00%,directional|KXBTC15M-26APR121645-45
2026-04-12 20:38:12,UP,9.95,ATTEMPTING,0.00%,directional|KXBTC15M-26APR121645-45
2026-04-12 20:38:12,UP,9.87,PLACED,0.00%,directional|KXBTC15M-26APR121645-45
2026-04-12 20:43:57,UP,10.85,WIN,1.38%,directional|KXBTC15M-26APR121630-30
2026-04-12 20:46:53,DOWN,9.82,ATTEMPTING,0.00%,directional|KXBTC15M-26APR121700-00
2026-04-12 20:46:54,DOWN,8.91,PLACED,0.00%,directional|KXBTC15M-26APR121700-00
2026-04-12 20:53:17,DOWN,9.26,ATTEMPTING,0.00%,directional|KXBTC15M-26APR121700-00
2026-04-12 20:53:17,DOWN,9.00,PLACED,0.00%,directional|KXBTC15M-26APR121700-00
2026-04-12 20:54:17,UP,9.87,WIN,1.32%,directional|KXBTC15M-26APR121645-45
2026-04-12 21:03:41,UP,10.56,ATTEMPTING,0.00%,directional|KXBTC15M-26APR121715-15
2026-04-12 21:06:50,UP,12.82,ATTEMPTING,0.00%,directional|KXBTC15M-26APR121715-15
2026-04-12 21:06:51,UP,12.60,PLACED,0.00%,directional|KXBTC15M-26APR121715-15
2026-04-12 21:09:26,DOWN,9.00,WIN,33.33%,directional|KXBTC15M-26APR121700-00
2026-04-12 21:22:59,UP,13.20,ATTEMPTING,0.00%,directional|KXBTC15M-26APR121730-30
2026-04-12 21:22:59,UP,12.73,PLACED,0.00%,directional|KXBTC15M-26APR121730-30
2026-04-12 21:34:27,DOWN,9.05,ATTEMPTING,0.00%,directional|KXBTC15M-26APR121745-45
2026-04-12 21:39:01,UP,12.73,WIN,2.12%,directional|KXBTC15M-26APR121730-30
2026-04-12 21:56:34,DOWN,15.84,ATTEMPTING,0.00%,directional|KXBTC15M-26APR121800-00
2026-04-12 22:04:41,DOWN,4.31,ATTEMPTING,0.00%,directional|KXBTC15M-26APR121815-15
2026-04-12 22:18:34,DOWN,2.71,ATTEMPTING,0.00%,directional|KXBTC15M-26APR121830-30
2026-04-12 22:18:35,DOWN,2.13,PLACED,0.00%,directional|KXBTC15M-26APR121830-30
2026-04-12 22:34:36,DOWN,2.13,WIN,40.85%,directional|KXBTC15M-26APR121830-30
2026-04-12 22:39:09,UP,4.81,ATTEMPTING,0.00%,directional|KXBTC15M-26APR121845-45
2026-04-12 22:42:11,UP,3.70,ATTEMPTING,0.00%,directional|KXBTC15M-26APR121845-45
2026-04-12 22:53:09,UP,2.23,ATTEMPTING,0.00%,directional|KXBTC15M-26APR121900-00
2026-04-12 22:53:09,UP,2.19,PLACED,0.00%,directional|KXBTC15M-26APR121900-00
2026-04-12 23:01:24,DOWN,11.29,ATTEMPTING,0.00%,directional|KXBTC15M-26APR121915-15
2026-04-12 23:01:25,DOWN,11.05,PLACED,0.00%,directional|KXBTC15M-26APR121915-15
2026-04-12 23:09:26,UP,2.19,WIN,36.99%,directional|KXBTC15M-26APR121900-00
2026-04-12 23:27:34,DOWN,11.05,WIN,17.65%,directional|KXBTC15M-26APR121915-15
2026-04-12 23:40:49,DOWN,12.74,ATTEMPTING,0.00%,directional|KXBTC15M-26APR121945-45
2026-04-12 23:52:49,UP,10.13,ATTEMPTING,0.00%,directional|KXBTC15M-26APR122000-00
2026-04-12 23:52:50,UP,10.01,PLACED,0.00%,directional|KXBTC15M-26APR122000-00
2026-04-12 23:55:52,UP,10.94,ATTEMPTING,0.00%,directional|KXBTC15M-26APR122000-00
2026-04-12 23:55:52,UP,10.75,PLACED,0.00%,directional|KXBTC15M-26APR122000-00
2026-04-13 00:11:55,UP,10.75,WIN,2.33%,directional|KXBTC15M-26APR122000-00
2026-04-13 00:38:25,UP,6.02,ATTEMPTING,0.00%,directional|KXBTC15M-26APR122045-45
2026-04-13 00:38:25,UP,5.34,PLACED,0.00%,directional|KXBTC15M-26APR122045-45
2026-04-13 00:41:27,UP,5.34,ATTEMPTING,0.00%,directional|KXBTC15M-26APR122045-45
2026-04-13 00:41:28,UP,4.75,PLACED,0.00%,directional|KXBTC15M-26APR122045-45
2026-04-13 00:51:50,UP,5.35,ATTEMPTING,0.00%,directional|KXBTC15M-26APR122100-00
2026-04-13 01:19:39,DOWN,3.73,ATTEMPTING,0.00%,directional|KXBTC15M-26APR122130-30
2026-04-13 01:31:39,DOWN,3.88,ATTEMPTING,0.00%,directional|KXBTC15M-26APR122145-45
2026-04-13 01:31:40,DOWN,3.20,PLACED,0.00%,directional|KXBTC15M-26APR122145-45
2026-04-13 01:53:59,UP,2.70,ATTEMPTING,0.00%,directional|KXBTC15M-26APR122200-00
2026-04-13 01:54:32,UNKNOWN,3.12,LOSS,0.00%,restored|KXBTC15M-26APR122145-45
2026-04-13 02:08:02,DOWN,10.36,ATTEMPTING,0.00%,directional|KXBTC15M-26APR122215-15
2026-04-13 02:21:44,UP,9.75,ATTEMPTING,0.00%,directional|KXBTC15M-26APR122230-30
2026-04-13 02:21:44,UP,9.60,PLACED,0.00%,directional|KXBTC15M-26APR122230-30
